Topic,scopus_id,year
-1,2-s2.0-85131318824,2022
28,2-s2.0-85127415691,2022
-1,2-s2.0-85126176254,2022
51,2-s2.0-85125002964,2022
10,2-s2.0-85122186441,2022
-1,2-s2.0-85130896286,2022
5,2-s2.0-85125187750,2022
-1,2-s2.0-85129789762,2022
-1,2-s2.0-85127526908,2022
-1,2-s2.0-85124997164,2022
-1,2-s2.0-85123125191,2022
-1,2-s2.0-85120644405,2022
57,2-s2.0-85123752171,2022
30,2-s2.0-85106226097,2022
5,2-s2.0-85127235632,2022
11,2-s2.0-85123910670,2022
50,2-s2.0-85130036485,2022
5,2-s2.0-85125712194,2022
9,2-s2.0-85124836026,2022
0,2-s2.0-85120417892,2022
-1,2-s2.0-85113592578,2022
-1,2-s2.0-85128488206,2022
11,2-s2.0-85128755733,2022
0,2-s2.0-85127040387,2022
26,2-s2.0-85126198912,2022
23,2-s2.0-85111105386,2022
5,2-s2.0-85130812658,2022
-1,2-s2.0-85128000379,2022
13,2-s2.0-85127266292,2022
-1,2-s2.0-85114995918,2022
1,2-s2.0-85113290145,2022
31,2-s2.0-85099027747,2022
3,2-s2.0-85089091306,2022
-1,2-s2.0-85099965077,2022
47,2-s2.0-85124773785,2022
-1,2-s2.0-85122196872,2022
15,2-s2.0-85099707849,2022
-1,2-s2.0-85118272090,2022
17,2-s2.0-85114179918,2022
-1,2-s2.0-85130452834,2022
-1,2-s2.0-85127058862,2022
31,2-s2.0-85126893913,2022
23,2-s2.0-85126830286,2022
22,2-s2.0-85126696562,2022
-1,2-s2.0-85125553844,2022
28,2-s2.0-85124777308,2022
21,2-s2.0-85124736220,2022
0,2-s2.0-85122981716,2022
30,2-s2.0-85119534404,2022
44,2-s2.0-85115707306,2022
6,2-s2.0-85105935905,2022
20,2-s2.0-85103381538,2022
18,2-s2.0-85101496796,2022
-1,2-s2.0-85100013837,2022
-1,2-s2.0-85106301479,2022
44,2-s2.0-85113801843,2022
-1,2-s2.0-85112148541,2022
-1,2-s2.0-85121349618,2022
11,2-s2.0-85122893601,2022
2,2-s2.0-85124879318,2022
31,2-s2.0-85124268096,2022
2,2-s2.0-85123813325,2022
-1,2-s2.0-85103000084,2022
27,2-s2.0-85083375132,2022
-1,2-s2.0-85100574611,2022
5,2-s2.0-85120072011,2022
-1,2-s2.0-85110313248,2022
0,2-s2.0-85111623433,2022
5,2-s2.0-85119604818,2022
38,2-s2.0-85115805557,2022
11,2-s2.0-85131353168,2022
0,2-s2.0-85131333510,2022
-1,2-s2.0-85131194557,2022
-1,2-s2.0-85131161800,2022
-1,2-s2.0-85131141857,2022
47,2-s2.0-85130791480,2022
1,2-s2.0-85130409404,2022
5,2-s2.0-85130368570,2022
-1,2-s2.0-85130232676,2022
30,2-s2.0-85130204478,2022
54,2-s2.0-85130202972,2022
-1,2-s2.0-85130056931,2022
1,2-s2.0-85129912033,2022
-1,2-s2.0-85129709609,2022
-1,2-s2.0-85129619941,2022
-1,2-s2.0-85129553776,2022
33,2-s2.0-85129290339,2022
-1,2-s2.0-85129206793,2022
4,2-s2.0-85129196375,2022
14,2-s2.0-85128954834,2022
31,2-s2.0-85128945052,2022
20,2-s2.0-85128933836,2022
-1,2-s2.0-85128793547,2022
14,2-s2.0-85128463927,2022
3,2-s2.0-85128354069,2022
26,2-s2.0-85128234917,2022
-1,2-s2.0-85127862327,2022
-1,2-s2.0-85126775549,2022
4,2-s2.0-85126567861,2022
-1,2-s2.0-85126474281,2022
54,2-s2.0-85126358126,2022
11,2-s2.0-85126292506,2022
26,2-s2.0-85126207618,2022
0,2-s2.0-85125666921,2022
32,2-s2.0-85125636967,2022
7,2-s2.0-85125531368,2022
31,2-s2.0-85125410461,2022
47,2-s2.0-85124733451,2022
46,2-s2.0-85124345866,2022
-1,2-s2.0-85124326149,2022
4,2-s2.0-85123634877,2022
35,2-s2.0-85123480847,2022
-1,2-s2.0-85123479632,2022
1,2-s2.0-85123466932,2022
-1,2-s2.0-85122859536,2022
11,2-s2.0-85122792623,2022
48,2-s2.0-85122678676,2022
30,2-s2.0-85122390244,2022
0,2-s2.0-85122195563,2022
22,2-s2.0-85121252996,2022
2,2-s2.0-85118593298,2022
-1,2-s2.0-85114911394,2022
-1,2-s2.0-85114904309,2022
14,2-s2.0-85113597799,2022
42,2-s2.0-85107827360,2022
0,2-s2.0-85107261280,2022
0,2-s2.0-85105383121,2022
-1,2-s2.0-85104657968,2022
-1,2-s2.0-85101236046,2022
16,2-s2.0-85099843243,2022
5,2-s2.0-85098578953,2022
43,2-s2.0-85097493627,2022
25,2-s2.0-85089445318,2022
-1,2-s2.0-85083564344,2022
-1,2-s2.0-85121449754,2021
22,2-s2.0-85121420520,2021
1,2-s2.0-85119853863,2021
1,2-s2.0-85119400148,2021
26,2-s2.0-85117710212,2021
1,2-s2.0-85115277898,2021
5,2-s2.0-85114815830,2021
3,2-s2.0-85113404083,2021
31,2-s2.0-85112519464,2021
29,2-s2.0-85111528464,2021
2,2-s2.0-85111058915,2021
0,2-s2.0-85107914687,2021
11,2-s2.0-85104449806,2021
1,2-s2.0-85102761588,2021
1,2-s2.0-85101850847,2021
7,2-s2.0-85101203794,2021
8,2-s2.0-85078106605,2021
-1,2-s2.0-85089300408,2021
3,2-s2.0-85094155332,2021
10,2-s2.0-85113327525,2021
10,2-s2.0-85105617618,2021
-1,2-s2.0-85105173769,2021
-1,2-s2.0-85099814671,2021
-1,2-s2.0-85097934752,2021
-1,2-s2.0-85089537768,2021
-1,2-s2.0-85087935080,2021
19,2-s2.0-85058930548,2021
25,2-s2.0-85119010420,2021
33,2-s2.0-85109798694,2021
33,2-s2.0-85109375708,2021
38,2-s2.0-85101741150,2021
25,2-s2.0-85111668796,2021
43,2-s2.0-85117562586,2021
0,2-s2.0-85106592695,2021
3,2-s2.0-85101482528,2021
33,2-s2.0-85119583683,2021
31,2-s2.0-85116822563,2021
0,2-s2.0-85116122090,2021
5,2-s2.0-85116045099,2021
4,2-s2.0-85114621400,2021
-1,2-s2.0-85112819374,2021
-1,2-s2.0-85108800783,2021
-1,2-s2.0-85089513861,2021
16,2-s2.0-85047415020,2021
-1,2-s2.0-85120303287,2021
6,2-s2.0-85115452044,2021
28,2-s2.0-85123025535,2021
-1,2-s2.0-85119458079,2021
40,2-s2.0-85117229174,2021
1,2-s2.0-85114303279,2021
20,2-s2.0-85114239544,2021
25,2-s2.0-85113605397,2021
11,2-s2.0-85113224648,2021
5,2-s2.0-85112837866,2021
-1,2-s2.0-85107826450,2021
10,2-s2.0-85101903241,2021
1,2-s2.0-85100351076,2021
24,2-s2.0-85100344576,2021
34,2-s2.0-85096740821,2021
42,2-s2.0-85094654247,2021
7,2-s2.0-85089259964,2021
9,2-s2.0-85117323161,2021
24,2-s2.0-85113159410,2021
-1,2-s2.0-85112706951,2021
34,2-s2.0-85111055312,2021
34,2-s2.0-85104281212,2021
19,2-s2.0-85098081309,2021
56,2-s2.0-85086579858,2021
-1,2-s2.0-85081628323,2021
-1,2-s2.0-85079459314,2021
24,2-s2.0-85112423260,2021
0,2-s2.0-85111388906,2021
2,2-s2.0-85109104116,2021
25,2-s2.0-85111128057,2021
-1,2-s2.0-85112313647,2021
10,2-s2.0-85123901648,2021
18,2-s2.0-85107670455,2021
0,2-s2.0-85107035698,2021
50,2-s2.0-85104115250,2021
10,2-s2.0-85103972542,2021
44,2-s2.0-85103266502,2021
16,2-s2.0-85100670866,2021
13,2-s2.0-85099336739,2021
34,2-s2.0-85099023790,2021
-1,2-s2.0-85090466460,2021
31,2-s2.0-85110305964,2021
4,2-s2.0-85111413535,2021
-1,2-s2.0-85108379952,2021
-1,2-s2.0-85107776251,2021
15,2-s2.0-85107642583,2021
1,2-s2.0-85107402972,2021
-1,2-s2.0-85123644103,2021
10,2-s2.0-85120966367,2021
-1,2-s2.0-85107145002,2021
6,2-s2.0-85106441487,2021
1,2-s2.0-85105520998,2021
7,2-s2.0-85103046645,2021
-1,2-s2.0-85102959648,2021
10,2-s2.0-85101897033,2021
2,2-s2.0-85087218536,2021
-1,2-s2.0-85081685919,2021
7,2-s2.0-85080918626,2021
17,2-s2.0-85078291537,2021
4,2-s2.0-85113569533,2021
-1,2-s2.0-85107308163,2021
4,2-s2.0-85105943170,2021
22,2-s2.0-85105649694,2021
0,2-s2.0-85105774560,2021
-1,2-s2.0-85101999836,2021
17,2-s2.0-85100699552,2021
-1,2-s2.0-85100169793,2021
5,2-s2.0-85096876841,2021
11,2-s2.0-85087902924,2021
1,2-s2.0-85082203094,2021
-1,2-s2.0-85105908825,2021
-1,2-s2.0-85112828760,2021
17,2-s2.0-85104624111,2021
4,2-s2.0-85106504841,2021
1,2-s2.0-85104627758,2021
-1,2-s2.0-85103336155,2021
23,2-s2.0-85102160039,2021
-1,2-s2.0-85098883686,2021
-1,2-s2.0-85097505078,2021
13,2-s2.0-85092116972,2021
21,2-s2.0-85090409456,2021
3,2-s2.0-85089396738,2021
-1,2-s2.0-85087634794,2021
0,2-s2.0-85085148142,2021
-1,2-s2.0-85095806730,2021
35,2-s2.0-85099422347,2021
0,2-s2.0-85087562702,2021
3,2-s2.0-85086668790,2021
-1,2-s2.0-85086660575,2021
-1,2-s2.0-85087966100,2021
11,2-s2.0-85106629242,2021
42,2-s2.0-85102746868,2021
-1,2-s2.0-85089028702,2021
41,2-s2.0-85088784803,2021
-1,2-s2.0-85102734689,2021
10,2-s2.0-85100719615,2021
9,2-s2.0-85100255321,2021
-1,2-s2.0-85097068355,2021
-1,2-s2.0-85091354190,2021
-1,2-s2.0-85102467337,2021
14,2-s2.0-85102271219,2021
45,2-s2.0-85101151583,2021
0,2-s2.0-85102380351,2021
-1,2-s2.0-85109193398,2021
0,2-s2.0-85105493355,2021
-1,2-s2.0-85103915732,2021
1,2-s2.0-85097328506,2021
16,2-s2.0-85074187341,2021
-1,2-s2.0-85059519599,2021
15,2-s2.0-85043338644,2021
11,2-s2.0-85094945713,2021
-1,2-s2.0-85111769095,2021
53,2-s2.0-85092748114,2021
22,2-s2.0-85099571247,2021
-1,2-s2.0-85129806528,2021
22,2-s2.0-85129422055,2021
1,2-s2.0-85129418865,2021
-1,2-s2.0-85128522949,2021
-1,2-s2.0-85126949941,2021
22,2-s2.0-85125950699,2021
-1,2-s2.0-85125812501,2021
4,2-s2.0-85125075478,2021
4,2-s2.0-85124707144,2021
3,2-s2.0-85124361328,2021
-1,2-s2.0-85123886064,2021
-1,2-s2.0-85123605607,2021
4,2-s2.0-85123505139,2021
16,2-s2.0-85123468612,2021
-1,2-s2.0-85123266585,2021
-1,2-s2.0-85123163570,2021
0,2-s2.0-85122850087,2021
14,2-s2.0-85121778918,2021
25,2-s2.0-85121597178,2021
-1,2-s2.0-85121591301,2021
25,2-s2.0-85121325800,2021
31,2-s2.0-85121292609,2021
-1,2-s2.0-85120998904,2021
-1,2-s2.0-85120823196,2021
-1,2-s2.0-85120466776,2021
-1,2-s2.0-85120463333,2021
0,2-s2.0-85120005276,2021
1,2-s2.0-85119702818,2021
22,2-s2.0-85119477806,2021
-1,2-s2.0-85119443851,2021
8,2-s2.0-85119255999,2021
-1,2-s2.0-85119034926,2021
6,2-s2.0-85118801032,2021
1,2-s2.0-85118364693,2021
8,2-s2.0-85117291819,2021
-1,2-s2.0-85115672709,2021
20,2-s2.0-85115624200,2021
-1,2-s2.0-85115142508,2021
8,2-s2.0-85114892256,2021
31,2-s2.0-85114288905,2021
-1,2-s2.0-85114222534,2021
-1,2-s2.0-85113740205,2021
1,2-s2.0-85113726877,2021
-1,2-s2.0-85113673576,2021
4,2-s2.0-85113530632,2021
-1,2-s2.0-85112771804,2021
12,2-s2.0-85112768328,2021
8,2-s2.0-85112679437,2021
39,2-s2.0-85112315107,2021
18,2-s2.0-85112237727,2021
1,2-s2.0-85112052212,2021
-1,2-s2.0-85111769027,2021
-1,2-s2.0-85111543325,2021
11,2-s2.0-85111508519,2021
-1,2-s2.0-85111479556,2021
3,2-s2.0-85111154576,2021
9,2-s2.0-85111110583,2021
-1,2-s2.0-85111063796,2021
-1,2-s2.0-85110880895,2021
0,2-s2.0-85110804456,2021
-1,2-s2.0-85110614159,2021
4,2-s2.0-85110308687,2021
-1,2-s2.0-85109981672,2021
2,2-s2.0-85109509884,2021
-1,2-s2.0-85109251751,2021
-1,2-s2.0-85108790372,2021
-1,2-s2.0-85108569777,2021
20,2-s2.0-85108350913,2021
0,2-s2.0-85108158793,2021
38,2-s2.0-85107821981,2021
-1,2-s2.0-85107661465,2021
31,2-s2.0-85107471752,2021
-1,2-s2.0-85107120461,2021
42,2-s2.0-85106959805,2021
-1,2-s2.0-85106720552,2021
30,2-s2.0-85106320691,2021
12,2-s2.0-85106315196,2021
9,2-s2.0-85106253865,2021
5,2-s2.0-85106029024,2021
-1,2-s2.0-85105789555,2021
0,2-s2.0-85105629826,2021
-1,2-s2.0-85105457946,2021
5,2-s2.0-85105144260,2021
23,2-s2.0-85104820472,2021
4,2-s2.0-85104589025,2021
-1,2-s2.0-85104325781,2021
23,2-s2.0-85103308749,2021
1,2-s2.0-85102795039,2021
27,2-s2.0-85102731723,2021
5,2-s2.0-85102720617,2021
-1,2-s2.0-85102679958,2021
-1,2-s2.0-85102679771,2021
47,2-s2.0-85102503823,2021
-1,2-s2.0-85102472412,2021
-1,2-s2.0-85102196146,2021
11,2-s2.0-85101118790,2021
20,2-s2.0-85101097818,2021
57,2-s2.0-85100963999,2021
41,2-s2.0-85099685335,2021
16,2-s2.0-85099595121,2021
21,2-s2.0-85097194612,2021
-1,2-s2.0-85096889087,2021
-1,2-s2.0-85096008650,2021
7,2-s2.0-85092218201,2021
0,2-s2.0-85091275457,2021
-1,2-s2.0-85091180577,2021
-1,2-s2.0-85090117620,2021
-1,2-s2.0-85087184763,2021
-1,2-s2.0-85083646456,2021
-1,2-s2.0-85082592394,2021
0,2-s2.0-85078617858,2021
19,2-s2.0-85077873295,2021
-1,2-s2.0-85076349040,2021
20,2-s2.0-85076137550,2021
-1,2-s2.0-85076025509,2021
0,2-s2.0-85063404871,2021
24,2-s2.0-85057322801,2021
-1,2-s2.0-85057298728,2021
3,2-s2.0-85048790603,2021
27,2-s2.0-85098262666,2020
-1,2-s2.0-85099187250,2020
1,2-s2.0-85088699709,2020
27,2-s2.0-85083788610,2020
-1,2-s2.0-85089783315,2020
31,2-s2.0-85097926808,2020
25,2-s2.0-85102748627,2020
35,2-s2.0-85099151103,2020
10,2-s2.0-85096831948,2020
13,2-s2.0-85096081042,2020
5,2-s2.0-85093923426,2020
-1,2-s2.0-85091839014,2020
-1,2-s2.0-85089858209,2020
-1,2-s2.0-85089856228,2020
39,2-s2.0-85086255287,2020
11,2-s2.0-85084455700,2020
-1,2-s2.0-85082931035,2020
1,2-s2.0-85082105444,2020
8,2-s2.0-85069873355,2020
27,2-s2.0-85067807220,2020
0,2-s2.0-85083328787,2020
0,2-s2.0-85096836576,2020
-1,2-s2.0-85087707112,2020
1,2-s2.0-85102748434,2020
-1,2-s2.0-85096101709,2020
9,2-s2.0-85096842967,2020
-1,2-s2.0-85096300202,2020
34,2-s2.0-85090949144,2020
32,2-s2.0-85088034729,2020
17,2-s2.0-85086711516,2020
21,2-s2.0-85079137205,2020
-1,2-s2.0-85092753370,2020
23,2-s2.0-85093705792,2020
1,2-s2.0-85092601893,2020
-1,2-s2.0-85101049600,2020
-1,2-s2.0-85091885194,2020
28,2-s2.0-85089857483,2020
-1,2-s2.0-85088964625,2020
28,2-s2.0-85111784565,2020
4,2-s2.0-85096365085,2020
14,2-s2.0-85086782499,2020
-1,2-s2.0-85076880293,2020
1,2-s2.0-85091701852,2020
-1,2-s2.0-85040968528,2020
11,2-s2.0-85088159399,2020
-1,2-s2.0-85076903106,2020
-1,2-s2.0-85096866970,2020
-1,2-s2.0-85095602266,2020
0,2-s2.0-85090760832,2020
5,2-s2.0-85090418286,2020
2,2-s2.0-85089722858,2020
2,2-s2.0-85088800687,2020
-1,2-s2.0-85088794851,2020
10,2-s2.0-85088146181,2020
-1,2-s2.0-85087797051,2020
13,2-s2.0-85087555736,2020
-1,2-s2.0-85087318007,2020
7,2-s2.0-85084998474,2020
3,2-s2.0-85087003202,2020
-1,2-s2.0-85090376700,2020
15,2-s2.0-85086919757,2020
1,2-s2.0-85089896832,2020
-1,2-s2.0-85074822766,2020
30,2-s2.0-85090895736,2020
2,2-s2.0-85129986522,2020
-1,2-s2.0-85086574897,2020
15,2-s2.0-85088475381,2020
8,2-s2.0-85090636361,2020
9,2-s2.0-85089233443,2020
26,2-s2.0-85050656730,2020
31,2-s2.0-85087871498,2020
-1,2-s2.0-85087373863,2020
52,2-s2.0-85090078412,2020
1,2-s2.0-85089134764,2020
10,2-s2.0-85085933862,2020
-1,2-s2.0-85084138406,2020
13,2-s2.0-85084033179,2020
-1,2-s2.0-85083549186,2020
1,2-s2.0-85083052779,2020
-1,2-s2.0-85082505522,2020
-1,2-s2.0-85081981927,2020
39,2-s2.0-85075335707,2020
-1,2-s2.0-85062918097,2020
40,2-s2.0-85062724922,2020
-1,2-s2.0-85087320942,2020
5,2-s2.0-85083062949,2020
37,2-s2.0-85088587547,2020
30,2-s2.0-85076596089,2020
40,2-s2.0-85076595230,2020
0,2-s2.0-85090925001,2020
1,2-s2.0-85085123564,2020
55,2-s2.0-85086109774,2020
0,2-s2.0-85085492029,2020
16,2-s2.0-85085009938,2020
13,2-s2.0-85086008268,2020
-1,2-s2.0-85086574772,2020
26,2-s2.0-85096665504,2020
31,2-s2.0-85092068426,2020
0,2-s2.0-85091333324,2020
4,2-s2.0-85091086642,2020
13,2-s2.0-85086346003,2020
-1,2-s2.0-85086264271,2020
8,2-s2.0-85085956611,2020
-1,2-s2.0-85085855337,2020
-1,2-s2.0-85083827771,2020
-1,2-s2.0-85075735499,2020
-1,2-s2.0-85074438902,2020
-1,2-s2.0-85074012194,2020
15,2-s2.0-85064451858,2020
32,2-s2.0-85064346125,2020
0,2-s2.0-85082196461,2020
4,2-s2.0-85092434028,2020
24,2-s2.0-85088578395,2020
0,2-s2.0-85086944432,2020
-1,2-s2.0-85086125512,2020
12,2-s2.0-85086102532,2020
2,2-s2.0-85081970036,2020
51,2-s2.0-85078660943,2020
0,2-s2.0-85062971088,2020
19,2-s2.0-85061617229,2020
1,2-s2.0-85082196642,2020
-1,2-s2.0-85078731605,2020
-1,2-s2.0-85076855149,2020
11,2-s2.0-85077024332,2020
21,2-s2.0-85077021646,2020
36,2-s2.0-85074603025,2020
12,2-s2.0-85063916977,2020
25,2-s2.0-85046483531,2020
28,2-s2.0-85102883607,2020
4,2-s2.0-85100701136,2020
-1,2-s2.0-85085984764,2020
0,2-s2.0-85085572152,2020
30,2-s2.0-85083555184,2020
-1,2-s2.0-85083499312,2020
-1,2-s2.0-85082563398,2020
-1,2-s2.0-85080036567,2020
58,2-s2.0-85079646851,2020
32,2-s2.0-85064007842,2020
3,2-s2.0-85049580454,2020
24,2-s2.0-85079178558,2020
4,2-s2.0-85102734630,2020
30,2-s2.0-85076130627,2020
39,2-s2.0-85086158404,2020
4,2-s2.0-85082649682,2020
1,2-s2.0-85081077222,2020
-1,2-s2.0-85079176520,2020
-1,2-s2.0-85077387416,2020
-1,2-s2.0-85075600387,2020
34,2-s2.0-85100445684,2020
8,2-s2.0-85025147217,2020
-1,2-s2.0-85084950864,2020
-1,2-s2.0-85084157038,2020
-1,2-s2.0-85081342094,2020
-1,2-s2.0-85081329142,2020
-1,2-s2.0-85081022735,2020
-1,2-s2.0-85078676318,2020
9,2-s2.0-85077166407,2020
-1,2-s2.0-85076622080,2020
39,2-s2.0-85075915245,2020
-1,2-s2.0-85075216788,2020
-1,2-s2.0-85070811889,2020
32,2-s2.0-85067828138,2020
-1,2-s2.0-85064815707,2020
1,2-s2.0-85079506032,2020
45,2-s2.0-85076922980,2020
-1,2-s2.0-85075201899,2020
38,2-s2.0-85074371489,2020
12,2-s2.0-85077058898,2020
1,2-s2.0-85077941386,2020
3,2-s2.0-85073940201,2020
0,2-s2.0-85077561449,2020
11,2-s2.0-85075935056,2020
-1,2-s2.0-85059696541,2020
-1,2-s2.0-85131314336,2020
12,2-s2.0-85115951098,2020
-1,2-s2.0-85113778638,2020
43,2-s2.0-85109533386,2020
16,2-s2.0-85108148390,2020
-1,2-s2.0-85107825294,2020
-1,2-s2.0-85106068365,2020
-1,2-s2.0-85105485296,2020
19,2-s2.0-85104368305,2020
-1,2-s2.0-85103495136,2020
8,2-s2.0-85102974639,2020
5,2-s2.0-85102033622,2020
4,2-s2.0-85101258985,2020
-1,2-s2.0-85100201730,2020
-1,2-s2.0-85099420855,2020
31,2-s2.0-85099412647,2020
4,2-s2.0-85098559248,2020
17,2-s2.0-85098498102,2020
38,2-s2.0-85098241149,2020
3,2-s2.0-85098180435,2020
-1,2-s2.0-85097942163,2020
39,2-s2.0-85097796456,2020
32,2-s2.0-85096401760,2020
6,2-s2.0-85095779316,2020
39,2-s2.0-85095584694,2020
3,2-s2.0-85094185761,2020
48,2-s2.0-85094160025,2020
-1,2-s2.0-85092665419,2020
-1,2-s2.0-85092408209,2020
-1,2-s2.0-85092147837,2020
0,2-s2.0-85091559341,2020
-1,2-s2.0-85091414466,2020
5,2-s2.0-85091079916,2020
-1,2-s2.0-85091075454,2020
-1,2-s2.0-85090831024,2020
27,2-s2.0-85090674977,2020
1,2-s2.0-85090635205,2020
5,2-s2.0-85090608964,2020
-1,2-s2.0-85090564282,2020
-1,2-s2.0-85089717219,2020
26,2-s2.0-85089587856,2020
-1,2-s2.0-85088677804,2020
-1,2-s2.0-85088406679,2020
21,2-s2.0-85088351324,2020
11,2-s2.0-85088300238,2020
42,2-s2.0-85088254714,2020
0,2-s2.0-85088166067,2020
47,2-s2.0-85087993620,2020
56,2-s2.0-85087741835,2020
10,2-s2.0-85087472779,2020
54,2-s2.0-85087371326,2020
0,2-s2.0-85086223638,2020
0,2-s2.0-85085364322,2020
35,2-s2.0-85085040623,2020
0,2-s2.0-85084977038,2020
-1,2-s2.0-85084675118,2020
-1,2-s2.0-85083801415,2020
8,2-s2.0-85083770447,2020
-1,2-s2.0-85083766740,2020
-1,2-s2.0-85083764639,2020
0,2-s2.0-85083720988,2020
-1,2-s2.0-85083701330,2020
20,2-s2.0-85083069545,2020
15,2-s2.0-85083049740,2020
-1,2-s2.0-85083043975,2020
30,2-s2.0-85082709478,2020
8,2-s2.0-85082413277,2020
22,2-s2.0-85081972059,2020
5,2-s2.0-85081935568,2020
2,2-s2.0-85080914138,2020
0,2-s2.0-85079879087,2020
0,2-s2.0-85079161702,2020
0,2-s2.0-85078856976,2020
0,2-s2.0-85078817787,2020
-1,2-s2.0-85078732809,2020
11,2-s2.0-85076476673,2020
54,2-s2.0-85075537985,2020
36,2-s2.0-85074334014,2020
2,2-s2.0-85069678429,2020
44,2-s2.0-85069186647,2020
16,2-s2.0-85068210113,2020
3,2-s2.0-85062341846,2020
42,2-s2.0-85053837112,2020
55,2-s2.0-85021250149,2019
24,2-s2.0-85086004081,2019
5,2-s2.0-85083847670,2019
22,2-s2.0-85076758045,2019
-1,2-s2.0-85076739659,2019
53,2-s2.0-85076712835,2019
-1,2-s2.0-85074847305,2019
-1,2-s2.0-85073921515,2019
-1,2-s2.0-85070525410,2019
17,2-s2.0-85069663675,2019
20,2-s2.0-85061605460,2019
8,2-s2.0-85063408118,2019
1,2-s2.0-85075113876,2019
55,2-s2.0-85067837341,2019
5,2-s2.0-85067045581,2019
-1,2-s2.0-85071659665,2019
40,2-s2.0-85074374032,2019
-1,2-s2.0-85084794620,2019
24,2-s2.0-85084326637,2019
4,2-s2.0-85078088704,2019
-1,2-s2.0-85075166162,2019
-1,2-s2.0-85074097481,2019
-1,2-s2.0-85071430358,2019
1,2-s2.0-85070081713,2019
-1,2-s2.0-85068498335,2019
19,2-s2.0-85067136596,2019
-1,2-s2.0-85060575145,2019
23,2-s2.0-85074234051,2019
-1,2-s2.0-85073951216,2019
0,2-s2.0-85075232890,2019
53,2-s2.0-85068134725,2019
-1,2-s2.0-85078025760,2019
16,2-s2.0-85077497918,2019
0,2-s2.0-85074435712,2019
28,2-s2.0-85074117967,2019
6,2-s2.0-85074033422,2019
14,2-s2.0-85073966684,2019
-1,2-s2.0-85073802415,2019
5,2-s2.0-85073409616,2019
19,2-s2.0-85071786432,2019
33,2-s2.0-85071743348,2019
10,2-s2.0-85070079383,2019
-1,2-s2.0-85069876252,2019
-1,2-s2.0-85058667565,2019
8,2-s2.0-85057814526,2019
30,2-s2.0-85053630701,2019
15,2-s2.0-85080043412,2019
-1,2-s2.0-85039542603,2019
11,2-s2.0-85035763973,2019
6,2-s2.0-85067856629,2019
0,2-s2.0-85072051852,2019
23,2-s2.0-85073221478,2019
9,2-s2.0-85063315960,2019
-1,2-s2.0-85066972269,2019
-1,2-s2.0-85055452652,2019
9,2-s2.0-85082962277,2019
2,2-s2.0-85075935869,2019
-1,2-s2.0-85074026225,2019
-1,2-s2.0-85073719800,2019
0,2-s2.0-85073709375,2019
1,2-s2.0-85071786507,2019
43,2-s2.0-85069935263,2019
-1,2-s2.0-85058549745,2019
-1,2-s2.0-85071609008,2019
28,2-s2.0-85071030353,2019
-1,2-s2.0-85067845658,2019
19,2-s2.0-85089704250,2019
-1,2-s2.0-85073551919,2019
22,2-s2.0-85073321414,2019
1,2-s2.0-85071453801,2019
1,2-s2.0-85069467752,2019
-1,2-s2.0-85067824440,2019
13,2-s2.0-85061604913,2019
-1,2-s2.0-85059308290,2019
35,2-s2.0-85038092781,2019
-1,2-s2.0-85068123637,2019
16,2-s2.0-85067035621,2019
14,2-s2.0-85073222083,2019
1,2-s2.0-85062619331,2019
-1,2-s2.0-85066879638,2019
-1,2-s2.0-85067000009,2019
-1,2-s2.0-85058125134,2019
-1,2-s2.0-85052154691,2019
37,2-s2.0-85038076554,2019
22,2-s2.0-85071757276,2019
-1,2-s2.0-85071547726,2019
11,2-s2.0-85071235111,2019
2,2-s2.0-85070301999,2019
51,2-s2.0-85069966713,2019
-1,2-s2.0-85068974870,2019
-1,2-s2.0-85068156588,2019
39,2-s2.0-85061736337,2019
-1,2-s2.0-85059442626,2019
2,2-s2.0-85055573904,2019
25,2-s2.0-85040916006,2019
5,2-s2.0-85065014094,2019
-1,2-s2.0-85066879219,2019
-1,2-s2.0-85020539163,2019
8,2-s2.0-85091718778,2019
35,2-s2.0-85069674049,2019
-1,2-s2.0-85067309836,2019
39,2-s2.0-85062358993,2019
45,2-s2.0-85061779218,2019
-1,2-s2.0-85058057400,2019
28,2-s2.0-85057292819,2019
2,2-s2.0-85056650371,2019
8,2-s2.0-85015245770,2019
1,2-s2.0-85070505546,2019
-1,2-s2.0-85066619870,2019
43,2-s2.0-85055028357,2019
1,2-s2.0-85054617224,2019
-1,2-s2.0-85062864815,2019
-1,2-s2.0-85077585024,2019
10,2-s2.0-85065698821,2019
0,2-s2.0-85073164061,2019
-1,2-s2.0-85066259119,2019
-1,2-s2.0-85065664999,2019
-1,2-s2.0-85061800057,2019
2,2-s2.0-85054041194,2019
-1,2-s2.0-85060592134,2019
2,2-s2.0-85065220360,2019
-1,2-s2.0-85045851085,2019
-1,2-s2.0-85044658549,2019
23,2-s2.0-85065050754,2019
2,2-s2.0-85063285257,2019
-1,2-s2.0-85062949821,2019
19,2-s2.0-85062359091,2019
-1,2-s2.0-85055594492,2019
10,2-s2.0-85055021353,2019
47,2-s2.0-85048232297,2019
4,2-s2.0-85064393083,2019
2,2-s2.0-85060955411,2019
16,2-s2.0-85032788207,2019
16,2-s2.0-85063918731,2019
22,2-s2.0-84994888218,2019
3,2-s2.0-85053274271,2019
-1,2-s2.0-85042921270,2019
4,2-s2.0-85083082235,2019
-1,2-s2.0-85060751150,2019
-1,2-s2.0-85047658370,2019
-1,2-s2.0-85064887436,2019
20,2-s2.0-85061807238,2019
27,2-s2.0-85061752413,2019
3,2-s2.0-85060200033,2019
-1,2-s2.0-85059697401,2019
21,2-s2.0-85019961754,2019
-1,2-s2.0-85061828577,2019
36,2-s2.0-85054011850,2019
13,2-s2.0-85052790284,2019
1,2-s2.0-85060385280,2019
6,2-s2.0-85061010590,2019
-1,2-s2.0-85064982529,2019
23,2-s2.0-85071103016,2019
12,2-s2.0-85063523415,2019
-1,2-s2.0-85125206023,2019
45,2-s2.0-85125176897,2019
-1,2-s2.0-85106849012,2019
7,2-s2.0-85092244435,2019
43,2-s2.0-85091742799,2019
15,2-s2.0-85089236427,2019
38,2-s2.0-85085178720,2019
27,2-s2.0-85084734679,2019
3,2-s2.0-85084023557,2019
5,2-s2.0-85081962028,2019
22,2-s2.0-85081040469,2019
-1,2-s2.0-85080917010,2019
-1,2-s2.0-85079686401,2019
-1,2-s2.0-85079414946,2019
11,2-s2.0-85078637324,2019
37,2-s2.0-85078290462,2019
30,2-s2.0-85078209367,2019
0,2-s2.0-85077690213,2019
7,2-s2.0-85077186431,2019
-1,2-s2.0-85077110197,2019
8,2-s2.0-85076286184,2019
-1,2-s2.0-85076223459,2019
-1,2-s2.0-85075699968,2019
0,2-s2.0-85075605829,2019
-1,2-s2.0-85075393315,2019
0,2-s2.0-85074590506,2019
7,2-s2.0-85074113204,2019
8,2-s2.0-85074011129,2019
41,2-s2.0-85073509151,2019
-1,2-s2.0-85072025744,2019
58,2-s2.0-85071949363,2019
-1,2-s2.0-85071863434,2019
-1,2-s2.0-85071626891,2019
21,2-s2.0-85071584945,2019
32,2-s2.0-85071442724,2019
3,2-s2.0-85070952652,2019
-1,2-s2.0-85070682774,2019
5,2-s2.0-85070419030,2019
13,2-s2.0-85069052656,2019
45,2-s2.0-85068603406,2019
-1,2-s2.0-85066297822,2019
-1,2-s2.0-85065949010,2019
5,2-s2.0-85065737145,2019
51,2-s2.0-85065503621,2019
-1,2-s2.0-85065176576,2019
37,2-s2.0-85065147957,2019
-1,2-s2.0-85064604560,2019
14,2-s2.0-85064343386,2019
-1,2-s2.0-85063752639,2019
-1,2-s2.0-85063042490,2019
-1,2-s2.0-85062835639,2019
42,2-s2.0-85062394291,2019
-1,2-s2.0-85061478670,2019
6,2-s2.0-85061117625,2019
6,2-s2.0-85061058170,2019
7,2-s2.0-85061012965,2019
30,2-s2.0-85060332327,2019
0,2-s2.0-85059988940,2019
4,2-s2.0-85057102886,2019
21,2-s2.0-85055046353,2019
52,2-s2.0-85054869533,2019
26,2-s2.0-85049824439,2019
10,2-s2.0-85045113511,2019
-1,2-s2.0-85041912165,2019
26,2-s2.0-84996479811,2019
2,2-s2.0-85058818406,2018
0,2-s2.0-85044789756,2018
30,2-s2.0-85060370066,2018
10,2-s2.0-85058006684,2018
25,2-s2.0-85105748189,2018
4,2-s2.0-85060942079,2018
-1,2-s2.0-85059021542,2018
17,2-s2.0-85056867738,2018
3,2-s2.0-85054708838,2018
10,2-s2.0-85044102405,2018
-1,2-s2.0-84992316583,2018
0,2-s2.0-85058386521,2018
0,2-s2.0-84994885655,2018
-1,2-s2.0-85048018727,2018
6,2-s2.0-85060559660,2018
40,2-s2.0-85058773216,2018
0,2-s2.0-85058362345,2018
8,2-s2.0-85054535888,2018
-1,2-s2.0-85048824077,2018
5,2-s2.0-85047384923,2018
-1,2-s2.0-85034441474,2018
12,2-s2.0-85050391165,2018
-1,2-s2.0-85055079414,2018
-1,2-s2.0-85053403511,2018
6,2-s2.0-85049692871,2018
-1,2-s2.0-85043482101,2018
19,2-s2.0-85055104772,2018
36,2-s2.0-85054269627,2018
3,2-s2.0-85052285885,2018
27,2-s2.0-85056278658,2018
10,2-s2.0-85054145750,2018
13,2-s2.0-85050151964,2018
-1,2-s2.0-85055626726,2018
-1,2-s2.0-85050523417,2018
-1,2-s2.0-85117109812,2018
15,2-s2.0-85058156781,2018
-1,2-s2.0-85055290371,2018
10,2-s2.0-85052506050,2018
20,2-s2.0-85051429848,2018
0,2-s2.0-85044046448,2018
5,2-s2.0-85052563753,2018
45,2-s2.0-85047406696,2018
-1,2-s2.0-85058231658,2018
58,2-s2.0-85035772860,2018
-1,2-s2.0-85050936471,2018
0,2-s2.0-85049978842,2018
15,2-s2.0-85049130977,2018
-1,2-s2.0-85052892817,2018
3,2-s2.0-85052855059,2018
52,2-s2.0-85052647671,2018
2,2-s2.0-85050660511,2018
5,2-s2.0-85050029689,2018
20,2-s2.0-85049903974,2018
6,2-s2.0-85044060249,2018
-1,2-s2.0-85050509561,2018
-1,2-s2.0-85051011936,2018
0,2-s2.0-85057048883,2018
14,2-s2.0-85052019557,2018
-1,2-s2.0-85049230289,2018
-1,2-s2.0-85047209926,2018
11,2-s2.0-85025580195,2018
25,2-s2.0-84964691834,2018
34,2-s2.0-85048837305,2018
35,2-s2.0-85060749590,2018
1,2-s2.0-85059627446,2018
-1,2-s2.0-85053117625,2018
8,2-s2.0-85049605814,2018
-1,2-s2.0-85049523010,2018
-1,2-s2.0-85046757439,2018
28,2-s2.0-85044296837,2018
-1,2-s2.0-85044229082,2018
-1,2-s2.0-85042098536,2018
0,2-s2.0-85051268482,2018
0,2-s2.0-85049687981,2018
32,2-s2.0-85047237919,2018
4,2-s2.0-85048338537,2018
0,2-s2.0-85047253907,2018
4,2-s2.0-85054628981,2018
-1,2-s2.0-84996520512,2018
-1,2-s2.0-85049016703,2018
58,2-s2.0-85049859119,2018
12,2-s2.0-85046272709,2018
33,2-s2.0-85041930187,2018
28,2-s2.0-85041842414,2018
-1,2-s2.0-85040736657,2018
51,2-s2.0-85033482825,2018
-1,2-s2.0-85016595802,2018
14,2-s2.0-85045669901,2018
3,2-s2.0-84974814448,2018
4,2-s2.0-85050536559,2018
53,2-s2.0-85018692321,2018
-1,2-s2.0-84978975940,2018
0,2-s2.0-85060144231,2018
34,2-s2.0-85045692036,2018
3,2-s2.0-85045300871,2018
10,2-s2.0-85044326173,2018
0,2-s2.0-85042903646,2018
9,2-s2.0-85042368704,2018
-1,2-s2.0-85037366830,2018
1,2-s2.0-85030167277,2018
13,2-s2.0-85060823364,2018
1,2-s2.0-85046082483,2018
0,2-s2.0-85044792447,2018
-1,2-s2.0-85044349880,2018
20,2-s2.0-85042091806,2018
3,2-s2.0-85042082648,2018
7,2-s2.0-85041306378,2018
10,2-s2.0-85040352185,2018
-1,2-s2.0-85039745674,2018
-1,2-s2.0-85032785238,2018
14,2-s2.0-84997702077,2018
8,2-s2.0-85052888675,2018
1,2-s2.0-85041501360,2018
21,2-s2.0-85041400169,2018
0,2-s2.0-85040104956,2018
-1,2-s2.0-85039903973,2018
-1,2-s2.0-85034744211,2018
-1,2-s2.0-84984876873,2018
-1,2-s2.0-85008419738,2018
8,2-s2.0-85126508150,2018
-1,2-s2.0-85126507204,2018
46,2-s2.0-85125177517,2018
0,2-s2.0-85116202613,2018
22,2-s2.0-85089238680,2018
0,2-s2.0-85086687288,2018
36,2-s2.0-85078179322,2018
-1,2-s2.0-85075053387,2018
27,2-s2.0-85072761649,2018
11,2-s2.0-85071561509,2018
18,2-s2.0-85066783035,2018
-1,2-s2.0-85066614814,2018
-1,2-s2.0-85065515151,2018
-1,2-s2.0-85065292122,2018
-1,2-s2.0-85064060964,2018
28,2-s2.0-85063533131,2018
45,2-s2.0-85063495224,2018
-1,2-s2.0-85062629547,2018
47,2-s2.0-85062533800,2018
-1,2-s2.0-85061397696,2018
-1,2-s2.0-85061350147,2018
-1,2-s2.0-85061247592,2018
1,2-s2.0-85060288466,2018
-1,2-s2.0-85060107118,2018
24,2-s2.0-85060050836,2018
17,2-s2.0-85059525342,2018
52,2-s2.0-85058599747,2018
17,2-s2.0-85058552372,2018
37,2-s2.0-85058390965,2018
-1,2-s2.0-85058163852,2018
-1,2-s2.0-85057625922,2018
0,2-s2.0-85057098477,2018
4,2-s2.0-85056477077,2018
42,2-s2.0-85054853650,2018
-1,2-s2.0-85054594646,2018
-1,2-s2.0-85054151677,2018
8,2-s2.0-85053824242,2018
13,2-s2.0-85052702171,2018
0,2-s2.0-85051988448,2018
0,2-s2.0-85051509479,2018
11,2-s2.0-85051482206,2018
-1,2-s2.0-85049866690,2018
43,2-s2.0-85049009109,2018
-1,2-s2.0-85048094449,2018
20,2-s2.0-85046878361,2018
-1,2-s2.0-85046787256,2018
5,2-s2.0-85046081307,2018
-1,2-s2.0-85045623334,2018
17,2-s2.0-85045283511,2018
-1,2-s2.0-85044836504,2018
0,2-s2.0-85044316923,2018
-1,2-s2.0-85044235294,2018
-1,2-s2.0-85043990882,2018
-1,2-s2.0-85043989450,2018
14,2-s2.0-85043459474,2018
-1,2-s2.0-85043289495,2018
-1,2-s2.0-85042564020,2018
30,2-s2.0-85042559210,2018
5,2-s2.0-85042480161,2018
11,2-s2.0-85041709937,2018
13,2-s2.0-85040115987,2018
-1,2-s2.0-85039969552,2018
0,2-s2.0-85038626339,2018
-1,2-s2.0-85038262858,2018
13,2-s2.0-85038247020,2018
0,2-s2.0-85028720118,2018
-1,2-s2.0-85020308942,2018
0,2-s2.0-84959572030,2018
24,2-s2.0-85046477249,2017
10,2-s2.0-85040676204,2017
4,2-s2.0-85037584434,2017
-1,2-s2.0-85033475288,2017
7,2-s2.0-85032737542,2017
3,2-s2.0-85031313689,2017
54,2-s2.0-85027870679,2017
42,2-s2.0-85018340688,2017
28,2-s2.0-85015276300,2017
15,2-s2.0-85035786400,2017
-1,2-s2.0-85043533900,2017
6,2-s2.0-85035778713,2017
-1,2-s2.0-85033589229,2017
-1,2-s2.0-85059826936,2017
0,2-s2.0-85018383892,2017
-1,2-s2.0-84928036925,2017
22,2-s2.0-85032195844,2017
24,2-s2.0-85030712523,2017
1,2-s2.0-85021051738,2017
1,2-s2.0-85010638982,2017
-1,2-s2.0-85040816513,2017
25,2-s2.0-85032511735,2017
-1,2-s2.0-85032281359,2017
28,2-s2.0-85031809033,2017
19,2-s2.0-85030780734,2017
2,2-s2.0-85029764425,2017
34,2-s2.0-85026752721,2017
15,2-s2.0-84958523052,2017
11,2-s2.0-85029668643,2017
0,2-s2.0-85058278285,2017
-1,2-s2.0-85027959845,2017
17,2-s2.0-85026818029,2017
30,2-s2.0-85026784178,2017
0,2-s2.0-85025117888,2017
-1,2-s2.0-85016486667,2017
33,2-s2.0-85010755944,2017
3,2-s2.0-84964374941,2017
48,2-s2.0-84982311188,2017
-1,2-s2.0-85027369106,2017
1,2-s2.0-85039963024,2017
22,2-s2.0-85032199719,2017
8,2-s2.0-85030184701,2017
-1,2-s2.0-85019665237,2017
-1,2-s2.0-85019661756,2017
34,2-s2.0-85019574748,2017
21,2-s2.0-85018843838,2017
-1,2-s2.0-84994508621,2017
-1,2-s2.0-85015718015,2017
9,2-s2.0-85028934626,2017
-1,2-s2.0-85013460462,2017
-1,2-s2.0-85010644752,2017
20,2-s2.0-84978708924,2017
25,2-s2.0-85062068665,2017
-1,2-s2.0-85026724212,2017
13,2-s2.0-85021405011,2017
10,2-s2.0-85020917511,2017
-1,2-s2.0-84994257560,2017
-1,2-s2.0-85029724358,2017
1,2-s2.0-85021089167,2017
-1,2-s2.0-85026901293,2017
14,2-s2.0-85026859867,2017
25,2-s2.0-85020519307,2017
15,2-s2.0-85011706628,2017
-1,2-s2.0-84964037947,2017
58,2-s2.0-85073835151,2017
-1,2-s2.0-85018397464,2017
-1,2-s2.0-85019169168,2017
-1,2-s2.0-85018949087,2017
49,2-s2.0-85018746237,2017
-1,2-s2.0-84980329083,2017
7,2-s2.0-84989229105,2017
-1,2-s2.0-84958053724,2017
3,2-s2.0-85050055233,2017
-1,2-s2.0-85016936943,2017
11,2-s2.0-85008414364,2017
-1,2-s2.0-84988661375,2017
3,2-s2.0-85018970998,2017
9,2-s2.0-85018936811,2017
-1,2-s2.0-85017132092,2017
10,2-s2.0-85015967453,2017
12,2-s2.0-85012118608,2017
-1,2-s2.0-85011596046,2017
34,2-s2.0-84997751418,2017
17,2-s2.0-84961782798,2017
9,2-s2.0-85028292677,2017
1,2-s2.0-85028288017,2017
45,2-s2.0-85015973193,2017
-1,2-s2.0-85028177117,2017
-1,2-s2.0-85018739626,2017
6,2-s2.0-85018177463,2017
0,2-s2.0-85017023762,2017
14,2-s2.0-85016246002,2017
21,2-s2.0-85016051719,2017
52,2-s2.0-85008263904,2017
13,2-s2.0-85007240189,2017
-1,2-s2.0-84992363255,2017
-1,2-s2.0-84962891422,2017
43,2-s2.0-84975138828,2017
-1,2-s2.0-85014055295,2017
0,2-s2.0-85013339821,2017
-1,2-s2.0-85008627379,2017
-1,2-s2.0-85006355627,2017
3,2-s2.0-85042692225,2017
15,2-s2.0-84989249049,2017
2,2-s2.0-84965002827,2017
27,2-s2.0-85090774692,2017
36,2-s2.0-85077007789,2017
-1,2-s2.0-85075980891,2017
2,2-s2.0-85068233594,2017
17,2-s2.0-85064124220,2017
39,2-s2.0-85059827331,2017
37,2-s2.0-85057637392,2017
-1,2-s2.0-85053708439,2017
16,2-s2.0-85048421240,2017
21,2-s2.0-85046817975,2017
-1,2-s2.0-85044934619,2017
58,2-s2.0-85044930607,2017
41,2-s2.0-85044432087,2017
-1,2-s2.0-85044189687,2017
0,2-s2.0-85043340746,2017
-1,2-s2.0-85043334655,2017
9,2-s2.0-85043317945,2017
1,2-s2.0-85043305555,2017
-1,2-s2.0-85043303513,2017
-1,2-s2.0-85043229569,2017
8,2-s2.0-85042227037,2017
11,2-s2.0-85042148503,2017
0,2-s2.0-85041394656,2017
1,2-s2.0-85040997004,2017
-1,2-s2.0-85040310723,2017
0,2-s2.0-85039747602,2017
0,2-s2.0-85038882061,2017
1,2-s2.0-85037832681,2017
-1,2-s2.0-85036645532,2017
41,2-s2.0-85035115654,2017
37,2-s2.0-85035089483,2017
-1,2-s2.0-85035069270,2017
-1,2-s2.0-85035022260,2017
54,2-s2.0-85034948564,2017
6,2-s2.0-85034430932,2017
30,2-s2.0-85033219714,2017
12,2-s2.0-85032995620,2017
-1,2-s2.0-85032264661,2017
-1,2-s2.0-85032191650,2017
8,2-s2.0-85031780889,2017
20,2-s2.0-85031307050,2017
-1,2-s2.0-85031304969,2017
-1,2-s2.0-85030177285,2017
8,2-s2.0-85029232867,2017
16,2-s2.0-85028650277,2017
-1,2-s2.0-85028646943,2017
-1,2-s2.0-85028636177,2017
44,2-s2.0-85028571624,2017
-1,2-s2.0-85027875909,2017
-1,2-s2.0-85027836762,2017
-1,2-s2.0-85027363557,2017
12,2-s2.0-85027333182,2017
14,2-s2.0-85027066702,2017
-1,2-s2.0-85026749639,2017
-1,2-s2.0-85026741869,2017
5,2-s2.0-85025691698,2017
8,2-s2.0-85025630219,2017
-1,2-s2.0-85025596864,2017
11,2-s2.0-85022229251,2017
35,2-s2.0-85021836582,2017
-1,2-s2.0-85021761665,2017
12,2-s2.0-85021417742,2017
7,2-s2.0-85021327567,2017
0,2-s2.0-85021080023,2017
11,2-s2.0-85020626300,2017
33,2-s2.0-85020302141,2017
17,2-s2.0-85019770892,2017
15,2-s2.0-85019693482,2017
1,2-s2.0-85019326574,2017
25,2-s2.0-85019124120,2017
-1,2-s2.0-85018997190,2017
55,2-s2.0-85018951413,2017
35,2-s2.0-85017146386,2017
25,2-s2.0-85016263708,2017
24,2-s2.0-85016258302,2017
-1,2-s2.0-85015994511,2017
0,2-s2.0-85015795541,2017
-1,2-s2.0-85013751927,2017
27,2-s2.0-85010384432,2017
5,2-s2.0-85010066583,2017
-1,2-s2.0-85009502219,2017
13,2-s2.0-85008881507,2017
-1,2-s2.0-85008689670,2017
10,2-s2.0-84997206928,2017
5,2-s2.0-84993982629,2017
52,2-s2.0-84992507411,2017
14,2-s2.0-84977607902,2017
7,2-s2.0-84964334146,2017
17,2-s2.0-84962304001,2017
-1,2-s2.0-84946593957,2017
3,2-s2.0-85009911218,2016
2,2-s2.0-85010988858,2016
20,2-s2.0-84996598267,2016
15,2-s2.0-84995666070,2016
11,2-s2.0-84994745357,2016
13,2-s2.0-84969245813,2016
15,2-s2.0-84959346592,2016
4,2-s2.0-85007342264,2016
0,2-s2.0-85019257789,2016
-1,2-s2.0-85006314346,2016
2,2-s2.0-84994177291,2016
-1,2-s2.0-84991720129,2016
27,2-s2.0-84991688566,2016
25,2-s2.0-84988956162,2016
1,2-s2.0-84984848162,2016
-1,2-s2.0-84941312662,2016
9,2-s2.0-85018314493,2016
19,2-s2.0-85028283344,2016
2,2-s2.0-85027956694,2016
30,2-s2.0-84991826495,2016
13,2-s2.0-84991817995,2016
-1,2-s2.0-84991575766,2016
7,2-s2.0-84988028088,2016
28,2-s2.0-84987654225,2016
-1,2-s2.0-84963642459,2016
-1,2-s2.0-84983493584,2016
1,2-s2.0-85049017197,2016
32,2-s2.0-85021721186,2016
6,2-s2.0-84990068173,2016
-1,2-s2.0-84988360240,2016
24,2-s2.0-84958817760,2016
3,2-s2.0-84940486252,2016
20,2-s2.0-84954216416,2016
-1,2-s2.0-84936970947,2016
-1,2-s2.0-84993929545,2016
42,2-s2.0-84984920718,2016
-1,2-s2.0-84979031741,2016
-1,2-s2.0-84963976360,2016
14,2-s2.0-84962888160,2016
-1,2-s2.0-84978842974,2016
-1,2-s2.0-84978818932,2016
12,2-s2.0-84975070363,2016
24,2-s2.0-84962082243,2016
-1,2-s2.0-85027951405,2016
51,2-s2.0-85017510356,2016
-1,2-s2.0-84980332105,2016
6,2-s2.0-84978811408,2016
11,2-s2.0-84976604840,2016
9,2-s2.0-84964786370,2016
53,2-s2.0-84916620626,2016
12,2-s2.0-84969833552,2016
12,2-s2.0-84967110090,2016
-1,2-s2.0-84976547620,2016
35,2-s2.0-84967102543,2016
2,2-s2.0-84959016574,2016
-1,2-s2.0-84955602253,2016
11,2-s2.0-84950103799,2016
21,2-s2.0-84966713055,2016
-1,2-s2.0-84961211871,2016
44,2-s2.0-84963814093,2016
0,2-s2.0-84995777289,2016
-1,2-s2.0-84977495168,2016
-1,2-s2.0-84964906394,2016
-1,2-s2.0-84960956138,2016
6,2-s2.0-84960840153,2016
5,2-s2.0-84960392066,2016
-1,2-s2.0-84962178601,2016
-1,2-s2.0-84962550013,2016
-1,2-s2.0-84961589891,2016
1,2-s2.0-84964864239,2016
27,2-s2.0-84959472072,2016
12,2-s2.0-84958166159,2016
6,2-s2.0-84944712206,2016
14,2-s2.0-84953354418,2016
2,2-s2.0-84960465002,2016
11,2-s2.0-85048009335,2016
0,2-s2.0-84978037340,2016
9,2-s2.0-84960348030,2016
21,2-s2.0-84953347748,2016
7,2-s2.0-84988378152,2016
12,2-s2.0-84961956235,2016
2,2-s2.0-84959547779,2016
13,2-s2.0-84959547227,2016
28,2-s2.0-84959514171,2016
34,2-s2.0-84959466048,2016
6,2-s2.0-84957108677,2016
30,2-s2.0-84949032689,2016
-1,2-s2.0-84908133388,2016
10,2-s2.0-85014946520,2016
15,2-s2.0-84924454955,2016
0,2-s2.0-84945938389,2016
14,2-s2.0-84956663707,2016
35,2-s2.0-84962251051,2016
8,2-s2.0-84959288190,2016
-1,2-s2.0-84959199414,2016
23,2-s2.0-84955672030,2016
13,2-s2.0-84955596540,2016
32,2-s2.0-84954443932,2016
47,2-s2.0-84954421558,2016
19,2-s2.0-84953236240,2016
1,2-s2.0-84952836795,2016
8,2-s2.0-84961566805,2016
-1,2-s2.0-84949681974,2016
19,2-s2.0-84961204520,2016
-1,2-s2.0-84958171795,2016
-1,2-s2.0-85125257233,2016
-1,2-s2.0-85125108779,2016
-1,2-s2.0-85125094929,2016
45,2-s2.0-85125054774,2016
25,2-s2.0-85113662049,2016
43,2-s2.0-85062929454,2016
37,2-s2.0-85062609704,2016
0,2-s2.0-85044394162,2016
54,2-s2.0-85043503681,2016
-1,2-s2.0-85043392498,2016
-1,2-s2.0-85042639162,2016
-1,2-s2.0-85027951999,2016
-1,2-s2.0-85026250941,2016
7,2-s2.0-85019941053,2016
15,2-s2.0-85019006821,2016
2,2-s2.0-85018355301,2016
22,2-s2.0-85016209408,2016
10,2-s2.0-85014897991,2016
-1,2-s2.0-85014004133,2016
-1,2-s2.0-85013914328,2016
-1,2-s2.0-85013058557,2016
-1,2-s2.0-85011596216,2016
53,2-s2.0-85010403589,2016
37,2-s2.0-85009962409,2016
21,2-s2.0-85009250870,2016
13,2-s2.0-85007530293,2016
-1,2-s2.0-84996599533,2016
9,2-s2.0-84994475060,2016
-1,2-s2.0-84994469182,2016
-1,2-s2.0-84994242601,2016
-1,2-s2.0-84994235761,2016
-1,2-s2.0-84994176710,2016
26,2-s2.0-84994106520,2016
7,2-s2.0-84994092341,2016
11,2-s2.0-84992904652,2016
-1,2-s2.0-84992690731,2016
1,2-s2.0-84992217961,2016
0,2-s2.0-84988566131,2016
-1,2-s2.0-84988322668,2016
-1,2-s2.0-84987631692,2016
-1,2-s2.0-84987624278,2016
10,2-s2.0-84979901480,2016
56,2-s2.0-84979086864,2016
-1,2-s2.0-84979085523,2016
43,2-s2.0-84979018846,2016
0,2-s2.0-84978287566,2016
0,2-s2.0-84976599834,2016
5,2-s2.0-84976591586,2016
-1,2-s2.0-84974735963,2016
5,2-s2.0-84971644029,2016
-1,2-s2.0-84971440103,2016
32,2-s2.0-84971283845,2016
49,2-s2.0-84969917171,2016
8,2-s2.0-84969915673,2016
-1,2-s2.0-84969872536,2016
-1,2-s2.0-84969847998,2016
10,2-s2.0-84969750861,2016
-1,2-s2.0-84968832468,2016
10,2-s2.0-84968619427,2016
0,2-s2.0-84966457189,2016
10,2-s2.0-84963625832,2016
0,2-s2.0-84962218838,2016
-1,2-s2.0-84959376578,2016
-1,2-s2.0-84958225484,2016
23,2-s2.0-84958019647,2016
2,2-s2.0-84956467721,2016
10,2-s2.0-84955681883,2016
-1,2-s2.0-84955117698,2016
-1,2-s2.0-84954382066,2016
16,2-s2.0-84953792197,2016
42,2-s2.0-84952015364,2016
6,2-s2.0-84951944140,2016
-1,2-s2.0-84947018906,2016
24,2-s2.0-84919595007,2015
10,2-s2.0-85011591084,2015
14,2-s2.0-84944355008,2015
34,2-s2.0-85011564550,2015
51,2-s2.0-84949221065,2015
18,2-s2.0-84952793289,2015
2,2-s2.0-84949966816,2015
-1,2-s2.0-84949314905,2015
-1,2-s2.0-84949206215,2015
7,2-s2.0-84947493238,2015
-1,2-s2.0-84947428699,2015
20,2-s2.0-84946916312,2015
20,2-s2.0-84946739395,2015
32,2-s2.0-84945179456,2015
11,2-s2.0-84945126649,2015
23,2-s2.0-84943582027,2015
-1,2-s2.0-84941275600,2015
-1,2-s2.0-84937875063,2015
5,2-s2.0-84929158727,2015
-1,2-s2.0-84939254948,2015
5,2-s2.0-84947968079,2015
0,2-s2.0-84947273612,2015
34,2-s2.0-84945979584,2015
-1,2-s2.0-84954227842,2015
32,2-s2.0-84946912602,2015
-1,2-s2.0-84946489872,2015
-1,2-s2.0-84945415024,2015
-1,2-s2.0-84944446103,2015
3,2-s2.0-84940893782,2015
4,2-s2.0-84959036307,2015
0,2-s2.0-84942436319,2015
-1,2-s2.0-84945195561,2015
56,2-s2.0-84947071164,2015
-1,2-s2.0-84947025255,2015
9,2-s2.0-84943816862,2015
-1,2-s2.0-84941621568,2015
5,2-s2.0-84929577670,2015
13,2-s2.0-85050577336,2015
-1,2-s2.0-84944684330,2015
-1,2-s2.0-84940851112,2015
-1,2-s2.0-84936863119,2015
20,2-s2.0-84938974542,2015
-1,2-s2.0-84941066269,2015
9,2-s2.0-84938749947,2015
11,2-s2.0-84938397454,2015
13,2-s2.0-84940648013,2015
2,2-s2.0-85015606462,2015
-1,2-s2.0-84949460251,2015
-1,2-s2.0-84941190552,2015
28,2-s2.0-84940959631,2015
5,2-s2.0-84957618407,2015
53,2-s2.0-84939423005,2015
11,2-s2.0-84936879373,2015
-1,2-s2.0-84941132601,2015
12,2-s2.0-84958549621,2015
12,2-s2.0-84942888549,2015
-1,2-s2.0-84942854333,2015
-1,2-s2.0-84938382889,2015
2,2-s2.0-84938075949,2015
-1,2-s2.0-84938066027,2015
-1,2-s2.0-84938065870,2015
3,2-s2.0-84948139889,2015
0,2-s2.0-84937941088,2015
52,2-s2.0-84941880490,2015
35,2-s2.0-84936996173,2015
12,2-s2.0-85050744863,2015
-1,2-s2.0-84928604533,2015
-1,2-s2.0-84936186052,2015
-1,2-s2.0-84931566482,2015
0,2-s2.0-84930465691,2015
-1,2-s2.0-84927964664,2015
-1,2-s2.0-85021857568,2015
39,2-s2.0-84931095096,2015
8,2-s2.0-84937568538,2015
-1,2-s2.0-84929761299,2015
-1,2-s2.0-85028136901,2015
43,2-s2.0-85021655221,2015
40,2-s2.0-84932618292,2015
-1,2-s2.0-84929740341,2015
12,2-s2.0-84926407666,2015
1,2-s2.0-84926407977,2015
1,2-s2.0-84960795860,2015
-1,2-s2.0-84929317022,2015
-1,2-s2.0-85019228900,2015
-1,2-s2.0-84930927729,2015
-1,2-s2.0-85019471417,2015
17,2-s2.0-84942416015,2015
-1,2-s2.0-84939240510,2015
-1,2-s2.0-84928215181,2015
6,2-s2.0-84928894236,2015
22,2-s2.0-84929268607,2015
-1,2-s2.0-84929233883,2015
12,2-s2.0-84963720762,2015
-1,2-s2.0-84957944516,2015
-1,2-s2.0-84944591447,2015
-1,2-s2.0-84940822475,2015
-1,2-s2.0-84939500751,2015
34,2-s2.0-84926304883,2015
-1,2-s2.0-84925486261,2015
24,2-s2.0-84944245601,2015
-1,2-s2.0-84924757059,2015
54,2-s2.0-84924038341,2015
22,2-s2.0-84926388679,2015
-1,2-s2.0-84954398518,2015
-1,2-s2.0-84923849892,2015
-1,2-s2.0-84923289602,2015
18,2-s2.0-84921859516,2015
-1,2-s2.0-84919865228,2015
-1,2-s2.0-84961377904,2015
-1,2-s2.0-84961349307,2015
21,2-s2.0-84922821988,2015
28,2-s2.0-84922323222,2015
32,2-s2.0-84939872456,2015
-1,2-s2.0-84921633591,2015
-1,2-s2.0-84920170607,2015
-1,2-s2.0-85125747612,2015
-1,2-s2.0-85125728293,2015
41,2-s2.0-85125569336,2015
46,2-s2.0-85125547545,2015
-1,2-s2.0-85125379553,2015
45,2-s2.0-85125252095,2015
53,2-s2.0-85125152469,2015
-1,2-s2.0-85091892683,2015
-1,2-s2.0-85032712327,2015
40,2-s2.0-85020864298,2015
-1,2-s2.0-85007621953,2015
32,2-s2.0-85006399802,2015
8,2-s2.0-84998989370,2015
26,2-s2.0-84978034056,2015
46,2-s2.0-84977074325,2015
17,2-s2.0-84975226407,2015
-1,2-s2.0-84964316484,2015
41,2-s2.0-84963785594,2015
-1,2-s2.0-84963763830,2015
-1,2-s2.0-84963623111,2015
-1,2-s2.0-84962339691,2015
0,2-s2.0-84961588466,2015
8,2-s2.0-84961130790,2015
0,2-s2.0-84960904904,2015
38,2-s2.0-84959913261,2015
-1,2-s2.0-84958180866,2015
53,2-s2.0-84957047532,2015
-1,2-s2.0-84956638130,2015
8,2-s2.0-84956563218,2015
-1,2-s2.0-84955128236,2015
40,2-s2.0-84950997590,2015
13,2-s2.0-84947787097,2015
55,2-s2.0-84947776117,2015
-1,2-s2.0-84947586288,2015
-1,2-s2.0-84947086997,2015
16,2-s2.0-84946915192,2015
27,2-s2.0-84946909283,2015
1,2-s2.0-84946898222,2015
7,2-s2.0-84946164249,2015
9,2-s2.0-84946086898,2015
-1,2-s2.0-84945174278,2015
9,2-s2.0-84944526467,2015
25,2-s2.0-84944460047,2015
-1,2-s2.0-84944059034,2015
-1,2-s2.0-84943813601,2015
-1,2-s2.0-84943339654,2015
8,2-s2.0-84943311631,2015
34,2-s2.0-84941742117,2015
24,2-s2.0-84940930310,2015
5,2-s2.0-84940925371,2015
13,2-s2.0-84939450546,2015
13,2-s2.0-84939231553,2015
7,2-s2.0-84938898927,2015
7,2-s2.0-84938872515,2015
-1,2-s2.0-84937468148,2015
0,2-s2.0-84930812693,2015
0,2-s2.0-84930016125,2015
-1,2-s2.0-84929398109,2015
-1,2-s2.0-84929324061,2015
8,2-s2.0-84928625312,2015
0,2-s2.0-84925960082,2015
-1,2-s2.0-84925384508,2015
5,2-s2.0-84924858640,2015
3,2-s2.0-84924785443,2015
11,2-s2.0-84924756501,2015
12,2-s2.0-84924746183,2015
-1,2-s2.0-84923922416,2015
0,2-s2.0-84922462027,2015
-1,2-s2.0-84920142153,2015
3,2-s2.0-84911984595,2015
-1,2-s2.0-84907303312,2015
-1,2-s2.0-84921465775,2014
-1,2-s2.0-84919752844,2014
0,2-s2.0-84921282060,2014
32,2-s2.0-85029765130,2014
0,2-s2.0-84989928282,2014
7,2-s2.0-84921890823,2014
18,2-s2.0-84912567428,2014
54,2-s2.0-84912015649,2014
-1,2-s2.0-84911946969,2014
-1,2-s2.0-84910061622,2014
26,2-s2.0-84918820767,2014
-1,2-s2.0-84919386442,2014
-1,2-s2.0-84946403658,2014
-1,2-s2.0-84939251716,2014
9,2-s2.0-84908293440,2014
34,2-s2.0-84908144238,2014
5,2-s2.0-84907200550,2014
16,2-s2.0-84908428538,2014
-1,2-s2.0-84912001854,2014
7,2-s2.0-84927135383,2014
-1,2-s2.0-84914109169,2014
13,2-s2.0-85010919503,2014
0,2-s2.0-84982239107,2014
52,2-s2.0-84952714497,2014
-1,2-s2.0-84916622954,2014
10,2-s2.0-84909982912,2014
50,2-s2.0-84908539885,2014
-1,2-s2.0-84908433265,2014
3,2-s2.0-84926282833,2014
-1,2-s2.0-84914809593,2014
-1,2-s2.0-84946397520,2014
10,2-s2.0-84930003938,2014
-1,2-s2.0-84907868412,2014
-1,2-s2.0-84907479465,2014
50,2-s2.0-84907053331,2014
54,2-s2.0-84908690260,2014
51,2-s2.0-84905815882,2014
-1,2-s2.0-84906969107,2014
-1,2-s2.0-84926293077,2014
47,2-s2.0-84895601689,2014
0,2-s2.0-85123645334,2014
-1,2-s2.0-85130931803,2014
6,2-s2.0-84902361388,2014
9,2-s2.0-85006958697,2014
-1,2-s2.0-84898757902,2014
6,2-s2.0-84901276840,2014
17,2-s2.0-85021727702,2014
15,2-s2.0-84930922874,2014
-1,2-s2.0-84919465688,2014
16,2-s2.0-84897830840,2014
-1,2-s2.0-84897637865,2014
3,2-s2.0-84897124166,2014
-1,2-s2.0-84897851319,2014
-1,2-s2.0-84907165212,2014
28,2-s2.0-85027924140,2014
35,2-s2.0-84898756052,2014
-1,2-s2.0-84897666154,2014
-1,2-s2.0-84896764692,2014
-1,2-s2.0-84895093461,2014
2,2-s2.0-84894636467,2014
-1,2-s2.0-84894635367,2014
-1,2-s2.0-84894442734,2014
-1,2-s2.0-84894673403,2014
51,2-s2.0-84894317398,2014
13,2-s2.0-84922233675,2014
23,2-s2.0-84898868512,2014
48,2-s2.0-84894805601,2014
0,2-s2.0-84893630731,2014
43,2-s2.0-84893015828,2014
-1,2-s2.0-84892928548,2014
-1,2-s2.0-84892821859,2014
3,2-s2.0-84927573208,2014
39,2-s2.0-84892454437,2014
-1,2-s2.0-84892420975,2014
33,2-s2.0-85086963182,2014
-1,2-s2.0-85086556853,2014
10,2-s2.0-85027505846,2014
1,2-s2.0-85009820831,2014
8,2-s2.0-84979835602,2014
-1,2-s2.0-84977480702,2014
23,2-s2.0-84969915356,2014
-1,2-s2.0-84955080762,2014
-1,2-s2.0-84939461787,2014
21,2-s2.0-84938296079,2014
-1,2-s2.0-84935454439,2014
0,2-s2.0-84928165140,2014
9,2-s2.0-84928116244,2014
3,2-s2.0-84926202380,2014
-1,2-s2.0-84926125887,2014
42,2-s2.0-84925227953,2014
0,2-s2.0-84922860839,2014
24,2-s2.0-84922744502,2014
-1,2-s2.0-84915750817,2014
36,2-s2.0-84914109105,2014
16,2-s2.0-84911937692,2014
0,2-s2.0-84910095520,2014
30,2-s2.0-84907864636,2014
46,2-s2.0-84907862093,2014
42,2-s2.0-84907618482,2014
41,2-s2.0-84907509218,2014
41,2-s2.0-84907289319,2014
0,2-s2.0-84906903039,2014
0,2-s2.0-84906508200,2014
-1,2-s2.0-84905992215,2014
-1,2-s2.0-84905511595,2014
0,2-s2.0-84905438158,2014
-1,2-s2.0-84905279094,2014
0,2-s2.0-84905274425,2014
-1,2-s2.0-84904991310,2014
12,2-s2.0-84904647433,2014
17,2-s2.0-84904645985,2014
-1,2-s2.0-84904395704,2014
52,2-s2.0-84904390771,2014
2,2-s2.0-84904386024,2014
17,2-s2.0-84904381059,2014
-1,2-s2.0-84904272915,2014
12,2-s2.0-84903777242,2014
-1,2-s2.0-84903694376,2014
52,2-s2.0-84902878233,2014
17,2-s2.0-84902856423,2014
14,2-s2.0-84902811291,2014
20,2-s2.0-84902479418,2014
25,2-s2.0-84902477236,2014
-1,2-s2.0-84902289431,2014
-1,2-s2.0-84901927829,2014
-1,2-s2.0-84901853890,2014
2,2-s2.0-84901781209,2014
48,2-s2.0-84901261048,2014
43,2-s2.0-84900991998,2014
-1,2-s2.0-84900848225,2014
7,2-s2.0-84900433390,2014
2,2-s2.0-84900392563,2014
18,2-s2.0-84900299009,2014
15,2-s2.0-84899897114,2014
20,2-s2.0-84899892235,2014
1,2-s2.0-84899785213,2014
33,2-s2.0-84899765597,2014
37,2-s2.0-84899571116,2014
-1,2-s2.0-84899416218,2014
8,2-s2.0-84899056179,2014
15,2-s2.0-84898623100,2014
11,2-s2.0-84897441982,2014
35,2-s2.0-84897145541,2014
-1,2-s2.0-84896491676,2014
3,2-s2.0-84896482120,2014
0,2-s2.0-84896404395,2014
3,2-s2.0-84896328003,2014
0,2-s2.0-84896300090,2014
9,2-s2.0-84896281125,2014
-1,2-s2.0-84896279307,2014
4,2-s2.0-84893691940,2014
5,2-s2.0-84891662936,2014
9,2-s2.0-84891662295,2014
36,2-s2.0-84890866752,2014
32,2-s2.0-84890806507,2014
5,2-s2.0-84885133136,2014
5,2-s2.0-84884330920,2014
26,2-s2.0-84883612363,2014
-1,2-s2.0-84890268883,2013
-1,2-s2.0-84889675156,2013
14,2-s2.0-84893690762,2013
0,2-s2.0-84893577023,2013
12,2-s2.0-84893401321,2013
6,2-s2.0-84892387789,2013
-1,2-s2.0-84891961320,2013
15,2-s2.0-84891456007,2013
0,2-s2.0-84891359159,2013
-1,2-s2.0-84890329079,2013
52,2-s2.0-84887825800,2013
-1,2-s2.0-84887823561,2013
5,2-s2.0-84879304500,2013
-1,2-s2.0-84888029027,2013
-1,2-s2.0-84888988945,2013
7,2-s2.0-84887371264,2013
0,2-s2.0-84887770208,2013
-1,2-s2.0-84887383542,2013
2,2-s2.0-84885736521,2013
-1,2-s2.0-84880941118,2013
-1,2-s2.0-84886220153,2013
-1,2-s2.0-84885450343,2013
32,2-s2.0-84892505918,2013
26,2-s2.0-84889658772,2013
32,2-s2.0-84886383470,2013
13,2-s2.0-84885038547,2013
1,2-s2.0-84884988163,2013
-1,2-s2.0-84884555784,2013
29,2-s2.0-84884272717,2013
-1,2-s2.0-84884206326,2013
11,2-s2.0-84883749924,2013
-1,2-s2.0-84882842356,2013
-1,2-s2.0-84884526761,2013
40,2-s2.0-84884520235,2013
-1,2-s2.0-84884275229,2013
40,2-s2.0-84884201602,2013
3,2-s2.0-84884327626,2013
52,2-s2.0-84883812476,2013
0,2-s2.0-84883802113,2013
2,2-s2.0-84883746588,2013
-1,2-s2.0-84881287205,2013
2,2-s2.0-84880813437,2013
-1,2-s2.0-84880675760,2013
0,2-s2.0-84879969520,2013
45,2-s2.0-84878147138,2013
-1,2-s2.0-84875789759,2013
-1,2-s2.0-84883019624,2013
-1,2-s2.0-84881603994,2013
9,2-s2.0-84881577175,2013
-1,2-s2.0-84881559981,2013
-1,2-s2.0-84881520387,2013
17,2-s2.0-84863731179,2013
-1,2-s2.0-84881486586,2013
3,2-s2.0-84880431048,2013
-1,2-s2.0-84880868197,2013
-1,2-s2.0-84881184269,2013
28,2-s2.0-84880253221,2013
7,2-s2.0-84879573709,2013
7,2-s2.0-84877018167,2013
22,2-s2.0-84879700020,2013
30,2-s2.0-84879621145,2013
-1,2-s2.0-84893516960,2013
-1,2-s2.0-84893494408,2013
1,2-s2.0-84893480765,2013
-1,2-s2.0-84880640985,2013
-1,2-s2.0-84880371968,2013
0,2-s2.0-84880165507,2013
38,2-s2.0-84880144350,2013
30,2-s2.0-84879741186,2013
0,2-s2.0-84879730897,2013
-1,2-s2.0-84879555528,2013
1,2-s2.0-84879011535,2013
-1,2-s2.0-84878666363,2013
21,2-s2.0-84877916711,2013
-1,2-s2.0-84873570843,2013
5,2-s2.0-84878917752,2013
2,2-s2.0-84878286905,2013
-1,2-s2.0-84879705059,2013
29,2-s2.0-84879455998,2013
40,2-s2.0-84879095060,2013
1,2-s2.0-84878652221,2013
7,2-s2.0-84878650936,2013
33,2-s2.0-84878097085,2013
0,2-s2.0-84877582542,2013
-1,2-s2.0-84876197741,2013
-1,2-s2.0-84876100138,2013
12,2-s2.0-84993081821,2013
3,2-s2.0-84878099322,2013
-1,2-s2.0-84877254340,2013
-1,2-s2.0-84992979567,2013
-1,2-s2.0-84892578321,2013
-1,2-s2.0-84878236148,2013
-1,2-s2.0-84878171882,2013
2,2-s2.0-84878171599,2013
2,2-s2.0-84876167488,2013
40,2-s2.0-84902435686,2013
21,2-s2.0-84878259845,2013
33,2-s2.0-84877828571,2013
-1,2-s2.0-84877687407,2013
29,2-s2.0-84875234129,2013
53,2-s2.0-84875098916,2013
19,2-s2.0-84874850230,2013
3,2-s2.0-84874412728,2013
-1,2-s2.0-84944630899,2013
50,2-s2.0-84880072517,2013
0,2-s2.0-84889833724,2013
2,2-s2.0-84875008266,2013
0,2-s2.0-84875583036,2013
-1,2-s2.0-84873999157,2013
2,2-s2.0-84873995910,2013
48,2-s2.0-84873690512,2013
12,2-s2.0-84873641730,2013
-1,2-s2.0-84873569742,2013
33,2-s2.0-84873121524,2013
49,2-s2.0-84872442360,2013
35,2-s2.0-84874226657,2013
3,2-s2.0-84873959479,2013
40,2-s2.0-84873918826,2013
5,2-s2.0-84873909894,2013
54,2-s2.0-84873876584,2013
35,2-s2.0-84873837912,2013
-1,2-s2.0-84873569859,2013
11,2-s2.0-84873427017,2013
7,2-s2.0-84872733236,2013
-1,2-s2.0-84870668938,2013
-1,2-s2.0-85058183928,2013
-1,2-s2.0-85044977044,2013
0,2-s2.0-85041610654,2013
-1,2-s2.0-85001930717,2013
-1,2-s2.0-84979598562,2013
6,2-s2.0-84951015675,2013
5,2-s2.0-84929991361,2013
-1,2-s2.0-84923434503,2013
17,2-s2.0-84920419522,2013
22,2-s2.0-84907313262,2013
8,2-s2.0-84905126605,2013
-1,2-s2.0-84904703604,2013
-1,2-s2.0-84900322627,2013
12,2-s2.0-84898491653,2013
0,2-s2.0-84897449417,2013
-1,2-s2.0-84897034037,2013
15,2-s2.0-84896706525,2013
12,2-s2.0-84891535822,2013
-1,2-s2.0-84883519775,2013
0,2-s2.0-84881016577,2013
51,2-s2.0-84880463235,2013
-1,2-s2.0-84879114244,2013
-1,2-s2.0-84879096884,2013
0,2-s2.0-84877720173,2013
10,2-s2.0-84876166674,2013
24,2-s2.0-84876153292,2013
3,2-s2.0-84875583795,2013
-1,2-s2.0-84871992755,2013
3,2-s2.0-84871020778,2013
0,2-s2.0-84870479689,2013
-1,2-s2.0-84870251019,2013
-1,2-s2.0-84865415720,2013
-1,2-s2.0-84871311874,2012
-1,2-s2.0-84877042416,2012
14,2-s2.0-84871161011,2012
39,2-s2.0-84904957084,2012
-1,2-s2.0-84883391056,2012
-1,2-s2.0-84883352643,2012
7,2-s2.0-84881003071,2012
9,2-s2.0-84879951384,2012
-1,2-s2.0-84877901853,2012
1,2-s2.0-84877764727,2012
9,2-s2.0-84875013625,2012
3,2-s2.0-84874376891,2012
3,2-s2.0-84874356817,2012
16,2-s2.0-84873855566,2012
50,2-s2.0-84873196763,2012
-1,2-s2.0-84872920024,2012
3,2-s2.0-84870896357,2012
41,2-s2.0-84869045117,2012
26,2-s2.0-84868306955,2012
22,2-s2.0-84867336308,2012
45,2-s2.0-84888436310,2012
14,2-s2.0-84870841847,2012
-1,2-s2.0-84870284523,2012
43,2-s2.0-84869209877,2012
0,2-s2.0-84868576638,2012
33,2-s2.0-84868567625,2012
18,2-s2.0-84868279071,2012
9,2-s2.0-84867928823,2012
0,2-s2.0-84867900789,2012
11,2-s2.0-84867682238,2012
5,2-s2.0-84867011879,2012
-1,2-s2.0-84984933793,2012
58,2-s2.0-84866937052,2012
5,2-s2.0-84866918714,2012
2,2-s2.0-84944058075,2012
-1,2-s2.0-84867726370,2012
56,2-s2.0-84867272053,2012
26,2-s2.0-84867101922,2012
13,2-s2.0-84866905345,2012
9,2-s2.0-84866459394,2012
3,2-s2.0-84865378855,2012
18,2-s2.0-84865122022,2012
1,2-s2.0-84864651713,2012
0,2-s2.0-84866107344,2012
-1,2-s2.0-84866005955,2012
-1,2-s2.0-84865718496,2012
-1,2-s2.0-84872048576,2012
14,2-s2.0-84866697446,2012
-1,2-s2.0-84866666701,2012
3,2-s2.0-84866417042,2012
1,2-s2.0-84866136521,2012
2,2-s2.0-84865738867,2012
14,2-s2.0-84864851772,2012
-1,2-s2.0-84864575073,2012
25,2-s2.0-84858754202,2012
-1,2-s2.0-84865202009,2012
0,2-s2.0-84865654911,2012
7,2-s2.0-84862307900,2012
-1,2-s2.0-84864427873,2012
0,2-s2.0-84863527820,2012
3,2-s2.0-84863524203,2012
0,2-s2.0-84863513550,2012
1,2-s2.0-84863510525,2012
-1,2-s2.0-84871914523,2012
-1,2-s2.0-84864300694,2012
18,2-s2.0-84861481158,2012
24,2-s2.0-84861622335,2012
8,2-s2.0-84863498731,2012
17,2-s2.0-84863473772,2012
14,2-s2.0-84862680609,2012
9,2-s2.0-84862222133,2012
4,2-s2.0-84862001280,2012
-1,2-s2.0-84861704103,2012
2,2-s2.0-84861580693,2012
12,2-s2.0-84859604726,2012
5,2-s2.0-84855474831,2012
29,2-s2.0-84858037023,2012
9,2-s2.0-84860828790,2012
15,2-s2.0-84883228074,2012
13,2-s2.0-84862808610,2012
-1,2-s2.0-84861224158,2012
-1,2-s2.0-84860239056,2012
20,2-s2.0-84859725404,2012
-1,2-s2.0-84858447694,2012
1,2-s2.0-84862167446,2012
-1,2-s2.0-84860126191,2012
3,2-s2.0-84873054386,2012
0,2-s2.0-84863346814,2012
23,2-s2.0-84862173199,2012
13,2-s2.0-84859006563,2012
22,2-s2.0-84858708725,2012
12,2-s2.0-84858307273,2012
-1,2-s2.0-84858390557,2012
1,2-s2.0-84858320206,2012
-1,2-s2.0-84871694368,2012
0,2-s2.0-84863181039,2012
-1,2-s2.0-84858402421,2012
-1,2-s2.0-84857694384,2012
-1,2-s2.0-84857311318,2012
0,2-s2.0-84857251743,2012
3,2-s2.0-84857345792,2012
16,2-s2.0-84855880702,2012
26,2-s2.0-85123147298,2012
-1,2-s2.0-85123143467,2012
-1,2-s2.0-85055152340,2012
-1,2-s2.0-85002448672,2012
6,2-s2.0-84949785307,2012
-1,2-s2.0-84920512152,2012
6,2-s2.0-84900295467,2012
-1,2-s2.0-84891868745,2012
-1,2-s2.0-84891527561,2012
16,2-s2.0-84879661303,2012
-1,2-s2.0-84876357734,2012
1,2-s2.0-84873831915,2012
20,2-s2.0-84872864423,2012
-1,2-s2.0-84872228848,2012
5,2-s2.0-84869999811,2012
15,2-s2.0-84868631594,2012
-1,2-s2.0-84868548605,2012
10,2-s2.0-84866045399,2012
0,2-s2.0-84865461544,2012
12,2-s2.0-84865380900,2012
32,2-s2.0-84864649026,2012
10,2-s2.0-84864390294,2012
10,2-s2.0-84864346645,2012
-1,2-s2.0-84864132110,2012
1,2-s2.0-84860842390,2012
-1,2-s2.0-84857961721,2012
-1,2-s2.0-84857598523,2012
0,2-s2.0-84857526433,2012
-1,2-s2.0-84856297369,2012
38,2-s2.0-84856163859,2012
18,2-s2.0-84455191816,2012
3,2-s2.0-82955237227,2012
19,2-s2.0-80054880490,2012
-1,2-s2.0-83755171497,2011
0,2-s2.0-83655203143,2011
3,2-s2.0-83455255199,2011
-1,2-s2.0-84898237794,2011
21,2-s2.0-84887040024,2011
14,2-s2.0-84885676500,2011
-1,2-s2.0-84864955611,2011
-1,2-s2.0-84858304171,2011
-1,2-s2.0-84855686466,2011
21,2-s2.0-84855674970,2011
6,2-s2.0-84855569049,2011
0,2-s2.0-84255195261,2011
-1,2-s2.0-82355184695,2011
12,2-s2.0-82055169479,2011
2,2-s2.0-81855205005,2011
-1,2-s2.0-81255187841,2011
23,2-s2.0-80054961790,2011
-1,2-s2.0-80155195387,2011
27,2-s2.0-80055084599,2011
7,2-s2.0-84976351949,2011
-1,2-s2.0-84890253150,2011
43,2-s2.0-82055201399,2011
-1,2-s2.0-81355135817,2011
3,2-s2.0-80455141487,2011
-1,2-s2.0-80255138360,2011
7,2-s2.0-80054928571,2011
1,2-s2.0-80053174071,2011
-1,2-s2.0-84863421273,2011
18,2-s2.0-84855944242,2011
-1,2-s2.0-81255163725,2011
-1,2-s2.0-80555145901,2011
5,2-s2.0-80054734746,2011
48,2-s2.0-80054018053,2011
12,2-s2.0-80053283489,2011
9,2-s2.0-80053262817,2011
1,2-s2.0-79959931404,2011
-1,2-s2.0-80052882091,2011
-1,2-s2.0-80052877801,2011
32,2-s2.0-80052149284,2011
20,2-s2.0-84864921458,2011
6,2-s2.0-84856658630,2011
17,2-s2.0-80054046012,2011
50,2-s2.0-80053102105,2011
45,2-s2.0-80053069063,2011
5,2-s2.0-80052883302,2011
0,2-s2.0-80052599303,2011
-1,2-s2.0-80052503323,2011
9,2-s2.0-80051694647,2011
5,2-s2.0-80052586780,2011
-1,2-s2.0-80052561932,2011
7,2-s2.0-80051961138,2011
15,2-s2.0-80051747731,2011
3,2-s2.0-80051495134,2011
3,2-s2.0-80051478877,2011
26,2-s2.0-79961087481,2011
7,2-s2.0-79960942821,2011
-1,2-s2.0-79960780359,2011
29,2-s2.0-79960773654,2011
14,2-s2.0-79960369882,2011
1,2-s2.0-79958038787,2011
6,2-s2.0-79954595139,2011
49,2-s2.0-79960625192,2011
2,2-s2.0-84857084379,2011
10,2-s2.0-84855776182,2011
0,2-s2.0-80051743290,2011
9,2-s2.0-79960540770,2011
-1,2-s2.0-79960312682,2011
38,2-s2.0-79960305179,2011
35,2-s2.0-79957959767,2011
14,2-s2.0-79956132700,2011
22,2-s2.0-79953032542,2011
9,2-s2.0-79959559013,2011
0,2-s2.0-79958749836,2011
-1,2-s2.0-79958717867,2011
14,2-s2.0-79958043754,2011
-1,2-s2.0-84865418716,2011
0,2-s2.0-79960927043,2011
0,2-s2.0-79960923303,2011
38,2-s2.0-79960810671,2011
-1,2-s2.0-79959984357,2011
26,2-s2.0-79959331100,2011
-1,2-s2.0-79959280564,2011
-1,2-s2.0-79958019731,2011
29,2-s2.0-79958014440,2011
-1,2-s2.0-79957608238,2011
-1,2-s2.0-79957561266,2011
34,2-s2.0-79955730477,2011
45,2-s2.0-79952450055,2011
5,2-s2.0-79751530147,2011
49,2-s2.0-79957664573,2011
16,2-s2.0-79955852090,2011
58,2-s2.0-79955939198,2011
17,2-s2.0-79955931506,2011
49,2-s2.0-79954596312,2011
8,2-s2.0-79953682832,2011
-1,2-s2.0-79957983118,2011
7,2-s2.0-80053645763,2011
24,2-s2.0-79957844218,2011
12,2-s2.0-79957798405,2011
0,2-s2.0-79956327059,2011
16,2-s2.0-79955463468,2011
7,2-s2.0-79955462151,2011
17,2-s2.0-79954493047,2011
23,2-s2.0-79953854832,2011
5,2-s2.0-79952998590,2011
-1,2-s2.0-79952606089,2011
32,2-s2.0-79951945391,2011
24,2-s2.0-79951944112,2011
16,2-s2.0-79952668621,2011
-1,2-s2.0-79952387189,2011
-1,2-s2.0-84890435147,2011
-1,2-s2.0-79957827820,2011
26,2-s2.0-79953113700,2011
11,2-s2.0-79953067750,2011
26,2-s2.0-79953062535,2011
16,2-s2.0-79952350816,2011
9,2-s2.0-79952123647,2011
20,2-s2.0-79952123323,2011
36,2-s2.0-79951574527,2011
-1,2-s2.0-79551618001,2011
3,2-s2.0-79954524248,2011
41,2-s2.0-79952975843,2011
-1,2-s2.0-79952582276,2011
3,2-s2.0-79952146184,2011
13,2-s2.0-79551494691,2011
10,2-s2.0-78651422990,2011
-1,2-s2.0-78649857888,2011
22,2-s2.0-85009428640,2011
13,2-s2.0-85009380216,2011
39,2-s2.0-84859250387,2011
10,2-s2.0-84856406606,2011
-1,2-s2.0-84856003100,2011
-1,2-s2.0-84855395217,2011
0,2-s2.0-80053253645,2011
0,2-s2.0-80052147470,2011
-1,2-s2.0-79960414247,2011
50,2-s2.0-79957634658,2011
-1,2-s2.0-79955161956,2011
7,2-s2.0-79952379342,2011
-1,2-s2.0-79952216434,2011
0,2-s2.0-79251615022,2011
3,2-s2.0-79251488780,2011
8,2-s2.0-79251487222,2011
-1,2-s2.0-79251472422,2011
35,2-s2.0-78951476692,2011
15,2-s2.0-78650219954,2011
-1,2-s2.0-78650212992,2011
-1,2-s2.0-78650096259,2011
-1,2-s2.0-78649779143,2011
14,2-s2.0-78649671286,2010
-1,2-s2.0-78649658714,2010
8,2-s2.0-84878510468,2010
0,2-s2.0-84870967864,2010
1,2-s2.0-84860739675,2010
7,2-s2.0-84860486811,2010
58,2-s2.0-80052329900,2010
20,2-s2.0-79952979543,2010
-1,2-s2.0-79952949243,2010
12,2-s2.0-79952941721,2010
14,2-s2.0-79952940026,2010
4,2-s2.0-79951983995,2010
-1,2-s2.0-79951972331,2010
14,2-s2.0-79951963250,2010
49,2-s2.0-78650703288,2010
11,2-s2.0-78650700658,2010
35,2-s2.0-78650610810,2010
26,2-s2.0-78649423584,2010
-1,2-s2.0-78649422886,2010
3,2-s2.0-78649392711,2010
3,2-s2.0-78149359252,2010
-1,2-s2.0-78049419642,2010
9,2-s2.0-79958085596,2010
0,2-s2.0-78149401691,2010
-1,2-s2.0-77958587512,2010
12,2-s2.0-77957757466,2010
47,2-s2.0-78650293872,2010
1,2-s2.0-78149361155,2010
38,2-s2.0-78049502200,2010
0,2-s2.0-78049268202,2010
-1,2-s2.0-77957125249,2010
-1,2-s2.0-77956412266,2010
18,2-s2.0-77955711271,2010
-1,2-s2.0-77957037562,2010
20,2-s2.0-77956528175,2010
-1,2-s2.0-77956305503,2010
41,2-s2.0-77956082780,2010
30,2-s2.0-77958585739,2010
-1,2-s2.0-77958533708,2010
0,2-s2.0-77958102245,2010
-1,2-s2.0-77956649108,2010
43,2-s2.0-77955268281,2010
8,2-s2.0-77956497675,2010
-1,2-s2.0-77955891578,2010
36,2-s2.0-77955854996,2010
12,2-s2.0-77955475862,2010
0,2-s2.0-84903403368,2010
56,2-s2.0-77955299070,2010
48,2-s2.0-77955222169,2010
18,2-s2.0-77955118010,2010
-1,2-s2.0-77953806727,2010
-1,2-s2.0-77954945302,2010
-1,2-s2.0-77954635980,2010
38,2-s2.0-77954626827,2010
-1,2-s2.0-77954607084,2010
11,2-s2.0-77954598809,2010
16,2-s2.0-77954587062,2010
-1,2-s2.0-77958064178,2010
11,2-s2.0-77955077271,2010
40,2-s2.0-77954883597,2010
32,2-s2.0-77954723271,2010
-1,2-s2.0-77954526113,2010
2,2-s2.0-77954212225,2010
26,2-s2.0-77954005432,2010
-1,2-s2.0-77952541600,2010
-1,2-s2.0-77953301623,2010
-1,2-s2.0-77955955408,2010
-1,2-s2.0-77955951933,2010
0,2-s2.0-77954684501,2010
-1,2-s2.0-77954265945,2010
11,2-s2.0-77953981232,2010
3,2-s2.0-77953909900,2010
-1,2-s2.0-77952425865,2010
55,2-s2.0-77951025582,2010
-1,2-s2.0-77951024745,2010
0,2-s2.0-77951022583,2010
18,2-s2.0-77950630203,2010
18,2-s2.0-77950628412,2010
0,2-s2.0-77952228168,2010
18,2-s2.0-77955690185,2010
10,2-s2.0-77955287996,2010
-1,2-s2.0-77954635343,2010
2,2-s2.0-77952095667,2010
-1,2-s2.0-77950880546,2010
-1,2-s2.0-78149231488,2010
1,2-s2.0-77956127703,2010
-1,2-s2.0-77954374932,2010
-1,2-s2.0-77952980923,2010
-1,2-s2.0-77951542731,2010
-1,2-s2.0-77951189729,2010
-1,2-s2.0-77950607973,2010
19,2-s2.0-77950415019,2010
15,2-s2.0-77649174116,2010
-1,2-s2.0-77249117149,2010
15,2-s2.0-76749093023,2010
17,2-s2.0-77949561119,2010
38,2-s2.0-77049125949,2010
-1,2-s2.0-77954716978,2010
15,2-s2.0-77954256635,2010
-1,2-s2.0-77951210658,2010
33,2-s2.0-77951093705,2010
-1,2-s2.0-77950111411,2010
1,2-s2.0-77949313161,2010
18,2-s2.0-71849089581,2010
9,2-s2.0-71549132705,2010
-1,2-s2.0-75649094190,2010
14,2-s2.0-75649135275,2010
-1,2-s2.0-84873257570,2010
-1,2-s2.0-85087246894,2010
16,2-s2.0-85069300401,2010
-1,2-s2.0-84905080733,2010
48,2-s2.0-84857607604,2010
21,2-s2.0-84857515801,2010
-1,2-s2.0-79960029610,2010
-1,2-s2.0-79952257259,2010
-1,2-s2.0-78651417667,2010
-1,2-s2.0-78049449814,2010
10,2-s2.0-77958033477,2010
-1,2-s2.0-77957659597,2010
3,2-s2.0-77957578403,2010
1,2-s2.0-77957286344,2010
-1,2-s2.0-77955690674,2010
15,2-s2.0-77955648364,2010
-1,2-s2.0-77954631891,2010
19,2-s2.0-77953503329,2010
56,2-s2.0-77952203005,2010
20,2-s2.0-77952069559,2010
-1,2-s2.0-77952038940,2010
1,2-s2.0-77951809855,2010
21,2-s2.0-77951489961,2010
-1,2-s2.0-77949917625,2010
27,2-s2.0-77249176135,2010
-1,2-s2.0-76449083750,2010
26,2-s2.0-75949113688,2010
1,2-s2.0-68849110013,2009
-1,2-s2.0-70349569024,2009
-1,2-s2.0-70649087956,2009
-1,2-s2.0-84863013615,2009
9,2-s2.0-84856655725,2009
-1,2-s2.0-77954772004,2009
-1,2-s2.0-77951279254,2009
-1,2-s2.0-77950619678,2009
18,2-s2.0-77949462844,2009
0,2-s2.0-71849096157,2009
0,2-s2.0-70349843852,2009
-1,2-s2.0-71949100173,2009
-1,2-s2.0-84923500195,2009
36,2-s2.0-71949117207,2009
12,2-s2.0-71949103553,2009
0,2-s2.0-72049127270,2009
5,2-s2.0-70449119089,2009
14,2-s2.0-70350722245,2009
43,2-s2.0-70349690156,2009
19,2-s2.0-70349454152,2009
19,2-s2.0-70349452201,2009
-1,2-s2.0-70349441052,2009
12,2-s2.0-70349306624,2009
13,2-s2.0-70349108725,2009
-1,2-s2.0-68949182878,2009
-1,2-s2.0-68149136722,2009
-1,2-s2.0-70349304966,2009
-1,2-s2.0-79960334365,2009
50,2-s2.0-70350121798,2009
-1,2-s2.0-70349705456,2009
-1,2-s2.0-70349310532,2009
0,2-s2.0-67649529344,2009
21,2-s2.0-64449084560,2009
1,2-s2.0-68249154770,2009
57,2-s2.0-70350302934,2009
9,2-s2.0-70349194604,2009
13,2-s2.0-69649091403,2009
19,2-s2.0-67650585964,2009
16,2-s2.0-67651036586,2009
-1,2-s2.0-68249138307,2009
0,2-s2.0-70349643414,2009
1,2-s2.0-79960035020,2009
26,2-s2.0-73149087936,2009
18,2-s2.0-70449604668,2009
16,2-s2.0-70449596040,2009
-1,2-s2.0-70449585007,2009
35,2-s2.0-70449437137,2009
42,2-s2.0-70449135284,2009
2,2-s2.0-70350714053,2009
-1,2-s2.0-69549117289,2009
9,2-s2.0-66249139239,2009
-1,2-s2.0-84993012825,2009
4,2-s2.0-66349122386,2009
0,2-s2.0-70349614392,2009
-1,2-s2.0-66149104066,2009
-1,2-s2.0-70449558794,2009
21,2-s2.0-70350330311,2009
-1,2-s2.0-69249210357,2009
-1,2-s2.0-67249149286,2009
-1,2-s2.0-67249130187,2009
1,2-s2.0-67249087937,2009
55,2-s2.0-66149175832,2009
50,2-s2.0-70350752277,2009
-1,2-s2.0-70149106998,2009
23,2-s2.0-67649800805,2009
-1,2-s2.0-67649388145,2009
47,2-s2.0-65649091705,2009
-1,2-s2.0-64549101117,2009
57,2-s2.0-63649113429,2009
-1,2-s2.0-67650948345,2009
-1,2-s2.0-67650329807,2009
-1,2-s2.0-66749181285,2009
-1,2-s2.0-65349178986,2009
13,2-s2.0-65349166661,2009
-1,2-s2.0-62349099415,2009
36,2-s2.0-67650603643,2009
18,2-s2.0-62149118735,2009
0,2-s2.0-64749107073,2009
-1,2-s2.0-63449108333,2009
-1,2-s2.0-63149131414,2009
8,2-s2.0-70349412973,2009
-1,2-s2.0-62649102316,2009
44,2-s2.0-58549114003,2009
0,2-s2.0-84993019167,2009
21,2-s2.0-85085780489,2009
0,2-s2.0-84895241985,2009
6,2-s2.0-84888223965,2009
-1,2-s2.0-84873805376,2009
-1,2-s2.0-84869126034,2009
2,2-s2.0-79958175938,2009
50,2-s2.0-77956385607,2009
8,2-s2.0-77749309981,2009
-1,2-s2.0-77749295583,2009
2,2-s2.0-74049091232,2009
0,2-s2.0-70949102250,2009
36,2-s2.0-70849115568,2009
0,2-s2.0-70249084938,2009
3,2-s2.0-69949135804,2009
-1,2-s2.0-68449100237,2009
28,2-s2.0-67651055448,2009
-1,2-s2.0-67349263692,2009
18,2-s2.0-65549108352,2009
2,2-s2.0-60749114701,2009
-1,2-s2.0-58749106281,2009
13,2-s2.0-58049179371,2009
2,2-s2.0-58049145325,2009
0,2-s2.0-58049140469,2009
9,2-s2.0-57849158241,2009
18,2-s2.0-57049103417,2009
-1,2-s2.0-58049112431,2008
41,2-s2.0-58049087172,2008
4,2-s2.0-84893205306,2008
-1,2-s2.0-84884802297,2008
37,2-s2.0-78650751894,2008
37,2-s2.0-77952260220,2008
56,2-s2.0-70349871674,2008
3,2-s2.0-68949109836,2008
32,2-s2.0-67650301826,2008
18,2-s2.0-65549089528,2008
-1,2-s2.0-65349137747,2008
-1,2-s2.0-61049098681,2008
8,2-s2.0-59849091573,2008
-1,2-s2.0-58149141906,2008
-1,2-s2.0-57749128377,2008
27,2-s2.0-56649109554,2008
12,2-s2.0-55749096748,2008
-1,2-s2.0-54249153400,2008
3,2-s2.0-53949112702,2008
-1,2-s2.0-56449129288,2008
15,2-s2.0-67650034641,2008
3,2-s2.0-55349100221,2008
8,2-s2.0-80052455654,2008
6,2-s2.0-56849096590,2008
0,2-s2.0-53849109536,2008
24,2-s2.0-53249107636,2008
-1,2-s2.0-52949113043,2008
-1,2-s2.0-58149378360,2008
2,2-s2.0-54749140543,2008
6,2-s2.0-52349094768,2008
8,2-s2.0-78649460137,2008
0,2-s2.0-52149103387,2008
9,2-s2.0-51849140478,2008
-1,2-s2.0-79953838349,2008
-1,2-s2.0-65749260992,2008
14,2-s2.0-54449101169,2008
-1,2-s2.0-49249098893,2008
48,2-s2.0-48949116257,2008
20,2-s2.0-50149102186,2008
5,2-s2.0-50049124497,2008
-1,2-s2.0-48149086390,2008
-1,2-s2.0-46149121298,2008
-1,2-s2.0-65649124227,2008
23,2-s2.0-56149092057,2008
-1,2-s2.0-47349121059,2008
-1,2-s2.0-44949134836,2008
1,2-s2.0-70449553869,2008
1,2-s2.0-65749276739,2008
1,2-s2.0-44849104957,2008
6,2-s2.0-44349112973,2008
-1,2-s2.0-43949128784,2008
7,2-s2.0-43649105291,2008
20,2-s2.0-43149113195,2008
-1,2-s2.0-42049122015,2008
29,2-s2.0-44049105156,2008
29,2-s2.0-44049091645,2008
12,2-s2.0-46949101618,2008
-1,2-s2.0-44249113356,2008
-1,2-s2.0-44249100242,2008
-1,2-s2.0-42049083175,2008
-1,2-s2.0-41549152082,2008
16,2-s2.0-40849085309,2008
15,2-s2.0-40649107160,2008
32,2-s2.0-40549137428,2008
-1,2-s2.0-40549100403,2008
5,2-s2.0-40949160561,2008
57,2-s2.0-40549144832,2008
39,2-s2.0-40349085791,2008
-1,2-s2.0-38949084522,2008
3,2-s2.0-35548936192,2008
38,2-s2.0-38549173199,2008
3,2-s2.0-38349102775,2008
2,2-s2.0-38049072116,2008
-1,2-s2.0-38049065526,2008
34,2-s2.0-85087583021,2008
-1,2-s2.0-85087244542,2008
3,2-s2.0-81155150878,2008
0,2-s2.0-78049501334,2008
5,2-s2.0-77950342787,2008
3,2-s2.0-73349114176,2008
-1,2-s2.0-70349594423,2008
14,2-s2.0-59049101011,2008
-1,2-s2.0-58149136564,2008
-1,2-s2.0-57049083466,2008
29,2-s2.0-56149119540,2008
0,2-s2.0-49049099828,2008
-1,2-s2.0-47749113335,2008
48,2-s2.0-47549110589,2008
16,2-s2.0-47549084444,2008
-1,2-s2.0-41749100875,2008
47,2-s2.0-38949163341,2008
24,2-s2.0-38449087588,2008
2,2-s2.0-38349048651,2008
0,2-s2.0-38149075069,2008
0,2-s2.0-36949012964,2008
19,2-s2.0-38049186620,2007
-1,2-s2.0-37249092107,2007
-1,2-s2.0-84858395386,2007
38,2-s2.0-67649993715,2007
-1,2-s2.0-49349115632,2007
-1,2-s2.0-38049093470,2007
-1,2-s2.0-37448999733,2007
3,2-s2.0-36248998366,2007
-1,2-s2.0-36148955861,2007
18,2-s2.0-47249148029,2007
6,2-s2.0-36049003968,2007
2,2-s2.0-35348958920,2007
24,2-s2.0-35548987074,2007
0,2-s2.0-35548951375,2007
1,2-s2.0-35348815627,2007
2,2-s2.0-34948865700,2007
-1,2-s2.0-34748878896,2007
0,2-s2.0-34548285797,2007
-1,2-s2.0-35948982186,2007
14,2-s2.0-34548423273,2007
37,2-s2.0-34547911104,2007
9,2-s2.0-34547863531,2007
40,2-s2.0-34548160672,2007
5,2-s2.0-34548511090,2007
-1,2-s2.0-34547520480,2007
0,2-s2.0-85106944903,2007
-1,2-s2.0-34548830728,2007
-1,2-s2.0-34548564258,2007
9,2-s2.0-34548072487,2007
-1,2-s2.0-35548987475,2007
-1,2-s2.0-34347230092,2007
-1,2-s2.0-34250377291,2007
46,2-s2.0-34248526069,2007
0,2-s2.0-34547166660,2007
0,2-s2.0-34250860686,2007
7,2-s2.0-37849004070,2007
-1,2-s2.0-34748925010,2007
-1,2-s2.0-34547578311,2007
-1,2-s2.0-34250345167,2007
-1,2-s2.0-34250306368,2007
-1,2-s2.0-34249810071,2007
8,2-s2.0-34249682625,2007
3,2-s2.0-34248384876,2007
2,2-s2.0-34247884382,2007
-1,2-s2.0-34247855855,2007
12,2-s2.0-34249074746,2007
6,2-s2.0-33751323226,2007
-1,2-s2.0-34548418885,2007
-1,2-s2.0-34249887941,2007
22,2-s2.0-34249787591,2007
16,2-s2.0-34248357892,2007
-1,2-s2.0-34247846098,2007
56,2-s2.0-34247203147,2007
-1,2-s2.0-34247128336,2007
10,2-s2.0-34147102437,2007
16,2-s2.0-34047200090,2007
-1,2-s2.0-33947678649,2007
-1,2-s2.0-33947527566,2007
-1,2-s2.0-33947509933,2007
3,2-s2.0-34248395162,2007
2,2-s2.0-34247866259,2007
16,2-s2.0-33847709816,2007
0,2-s2.0-73849138101,2007
29,2-s2.0-33846828588,2007
19,2-s2.0-33845980195,2007
-1,2-s2.0-51249155644,2007
-1,2-s2.0-51249152465,2007
14,2-s2.0-43549085516,2007
-1,2-s2.0-43149119708,2007
57,2-s2.0-40049090803,2007
19,2-s2.0-38649100636,2007
-1,2-s2.0-38449097577,2007
3,2-s2.0-38149138208,2007
12,2-s2.0-38049027989,2007
-1,2-s2.0-34948874799,2007
33,2-s2.0-34948869868,2007
-1,2-s2.0-34548603030,2007
8,2-s2.0-34548383363,2007
45,2-s2.0-34547830414,2007
2,2-s2.0-34547521529,2007
29,2-s2.0-34347265294,2007
-1,2-s2.0-34250307641,2007
10,2-s2.0-34249863041,2007
-1,2-s2.0-34249854193,2007
10,2-s2.0-34147202261,2007
-1,2-s2.0-33847277407,2007
-1,2-s2.0-33847028450,2007
13,2-s2.0-33846702262,2007
2,2-s2.0-33845981843,2007
3,2-s2.0-33748909052,2007
-1,2-s2.0-84903078125,2006
6,2-s2.0-84883813730,2006
9,2-s2.0-84858636335,2006
38,2-s2.0-34547347483,2006
0,2-s2.0-33846276531,2006
-1,2-s2.0-33845947658,2006
3,2-s2.0-33751294906,2006
0,2-s2.0-33749639539,2006
19,2-s2.0-33749505686,2006
0,2-s2.0-33748706337,2006
-1,2-s2.0-33748690100,2006
41,2-s2.0-76749098134,2006
9,2-s2.0-33750183915,2006
-1,2-s2.0-33749507665,2006
-1,2-s2.0-33748666633,2006
-1,2-s2.0-33747343204,2006
-1,2-s2.0-33747120557,2006
-1,2-s2.0-33746842259,2006
0,2-s2.0-33747162446,2006
14,2-s2.0-52949112474,2006
0,2-s2.0-33748199633,2006
7,2-s2.0-33747818607,2006
16,2-s2.0-33746293274,2006
27,2-s2.0-33745808841,2006
3,2-s2.0-33749075764,2006
9,2-s2.0-33646792985,2006
2,2-s2.0-33748376466,2006
-1,2-s2.0-33645058418,2006
-1,2-s2.0-33750575770,2006
0,2-s2.0-33645936325,2006
-1,2-s2.0-33645150854,2006
-1,2-s2.0-33645049848,2006
6,2-s2.0-33645016949,2006
-1,2-s2.0-33745482613,2006
46,2-s2.0-33744981139,2006
43,2-s2.0-33645420241,2006
-1,2-s2.0-84960908726,2006
-1,2-s2.0-48149086282,2006
-1,2-s2.0-35548985298,2006
-1,2-s2.0-34247585668,2006
-1,2-s2.0-33947416675,2006
-1,2-s2.0-33947229759,2006
20,2-s2.0-33748488423,2006
41,2-s2.0-33747513590,2006
9,2-s2.0-33746174917,2006
3,2-s2.0-33745979896,2006
0,2-s2.0-33745816730,2006
-1,2-s2.0-33745699450,2006
10,2-s2.0-33745607598,2006
-1,2-s2.0-33645927321,2006
17,2-s2.0-33645730611,2006
27,2-s2.0-32244440506,2006
-1,2-s2.0-31144474482,2005
8,2-s2.0-84992974838,2005
-1,2-s2.0-33749263193,2005
-1,2-s2.0-33746406789,2005
2,2-s2.0-33644876894,2005
22,2-s2.0-28044454303,2005
9,2-s2.0-27844449544,2005
1,2-s2.0-37549039046,2005
-1,2-s2.0-27144549329,2005
4,2-s2.0-13544271760,2005
9,2-s2.0-24744445820,2005
-1,2-s2.0-33344461002,2005
0,2-s2.0-27744543054,2005
8,2-s2.0-26044472167,2005
19,2-s2.0-28044440678,2005
-1,2-s2.0-33745685745,2005
7,2-s2.0-31444437064,2005
-1,2-s2.0-22144441688,2005
29,2-s2.0-22144439036,2005
0,2-s2.0-18944405581,2005
49,2-s2.0-20444457159,2005
-1,2-s2.0-17044395528,2005
5,2-s2.0-85015647565,2005
-1,2-s2.0-28844438013,2005
2,2-s2.0-19644381523,2005
2,2-s2.0-14844355098,2005
36,2-s2.0-14844303555,2005
25,2-s2.0-19744382765,2005
3,2-s2.0-85087244084,2005
33,2-s2.0-85064777371,2005
16,2-s2.0-84981737091,2005
-1,2-s2.0-80054727446,2005
46,2-s2.0-48849096887,2005
-1,2-s2.0-38949192576,2005
1,2-s2.0-33646105602,2005
-1,2-s2.0-33644836510,2005
0,2-s2.0-33644835012,2005
28,2-s2.0-33644798530,2005
15,2-s2.0-27744507287,2005
15,2-s2.0-20144368098,2005
20,2-s2.0-16344396266,2005
36,2-s2.0-12144272237,2005
55,2-s2.0-8644229411,2004
4,2-s2.0-30044452705,2004
6,2-s2.0-30044435075,2004
49,2-s2.0-23744494245,2004
40,2-s2.0-23744491696,2004
14,2-s2.0-20444501814,2004
-1,2-s2.0-12144281975,2004
-1,2-s2.0-11344264006,2004
16,2-s2.0-10244237761,2004
29,2-s2.0-9644283067,2004
5,2-s2.0-7644237761,2004
24,2-s2.0-11044219871,2004
-1,2-s2.0-10944261421,2004
34,2-s2.0-9344265812,2004
-1,2-s2.0-4844224897,2004
9,2-s2.0-84992963179,2004
-1,2-s2.0-84992933831,2004
-1,2-s2.0-84986059274,2004
7,2-s2.0-28344434312,2004
7,2-s2.0-84986163160,2004
-1,2-s2.0-3843120935,2004
49,2-s2.0-3142756373,2004
3,2-s2.0-3843094000,2004
11,2-s2.0-4043062868,2004
0,2-s2.0-2042470071,2004
57,2-s2.0-2042440384,2004
-1,2-s2.0-3042795206,2004
2,2-s2.0-2442509821,2004
3,2-s2.0-1842587599,2004
33,2-s2.0-1842430748,2004
5,2-s2.0-67449131730,2004
-1,2-s2.0-6044238349,2004
21,2-s2.0-36148970854,2004
0,2-s2.0-33749675338,2004
50,2-s2.0-2542426503,2004
-1,2-s2.0-15744383688,2004
13,2-s2.0-1442355253,2004
35,2-s2.0-12344275964,2004
33,2-s2.0-0346307361,2004
47,2-s2.0-2942617272,2003
0,2-s2.0-1142299838,2003
-1,2-s2.0-0345149360,2003
-1,2-s2.0-0141792722,2003
0,2-s2.0-0041914255,2003
12,2-s2.0-2942559224,2003
-1,2-s2.0-1142301625,2003
-1,2-s2.0-0242299646,2003
9,2-s2.0-0038795459,2003
8,2-s2.0-0038498112,2003
15,2-s2.0-0038445472,2003
15,2-s2.0-0038106203,2003
55,2-s2.0-0037260233,2003
0,2-s2.0-84986178221,2003
-1,2-s2.0-84986161504,2003
0,2-s2.0-3042729911,2003
3,2-s2.0-0037968358,2003
40,2-s2.0-0344825879,2003
7,2-s2.0-0142123191,2003
-1,2-s2.0-84872996931,2003
10,2-s2.0-24644486805,2003
-1,2-s2.0-1642618970,2003
2,2-s2.0-0642368704,2003
1,2-s2.0-0347596573,2003
9,2-s2.0-0142231001,2003
2,2-s2.0-0043165058,2003
15,2-s2.0-0042326161,2003
57,2-s2.0-0041379447,2003
6,2-s2.0-0038814115,2003
7,2-s2.0-0038541646,2003
47,2-s2.0-0038476383,2003
2,2-s2.0-0038282357,2003
14,2-s2.0-0038150803,2003
29,2-s2.0-0038100369,2003
0,2-s2.0-0038046309,2003
19,2-s2.0-0037982934,2003
-1,2-s2.0-0037961693,2003
-1,2-s2.0-0037645035,2003
0,2-s2.0-0037365379,2003
37,2-s2.0-0037271447,2003
-1,2-s2.0-0037265938,2003
0,2-s2.0-67650073392,2002
-1,2-s2.0-61049124102,2002
26,2-s2.0-0141908232,2002
-1,2-s2.0-0141634054,2002
12,2-s2.0-0036910418,2002
2,2-s2.0-0036831985,2002
9,2-s2.0-84986120995,2002
-1,2-s2.0-0036914373,2002
-1,2-s2.0-0037057792,2002
26,2-s2.0-85001728439,2002
37,2-s2.0-84986037851,2002
18,2-s2.0-0036706527,2002
-1,2-s2.0-0036267582,2002
-1,2-s2.0-0036624726,2002
-1,2-s2.0-0036257906,2002
9,2-s2.0-0036248874,2002
42,2-s2.0-0037061876,2002
-1,2-s2.0-17044399156,2002
33,2-s2.0-0036243624,2002
-1,2-s2.0-84986085523,2002
36,2-s2.0-0036115230,2002
-1,2-s2.0-0037045664,2002
-1,2-s2.0-84902252252,2002
-1,2-s2.0-12244260752,2002
0,2-s2.0-0347939408,2002
23,2-s2.0-0037070011,2002
37,2-s2.0-0036928617,2002
3,2-s2.0-0036898760,2002
-1,2-s2.0-0036746467,2002
29,2-s2.0-0036692517,2002
2,2-s2.0-0036616373,2002
7,2-s2.0-0036589035,2002
6,2-s2.0-0036448568,2002
7,2-s2.0-0036435164,2002
7,2-s2.0-0036154827,2002
-1,2-s2.0-0036053668,2002
0,2-s2.0-0036041163,2002
-1,2-s2.0-0036040949,2002
41,2-s2.0-0036040696,2002
-1,2-s2.0-0036039802,2002
0,2-s2.0-0036039577,2002
8,2-s2.0-0036036404,2002
-1,2-s2.0-2342646950,2001
18,2-s2.0-0039436896,2001
2,2-s2.0-0035752929,2001
29,2-s2.0-0035697267,2001
1,2-s2.0-0013426699,2001
1,2-s2.0-0012171884,2001
45,2-s2.0-0041870919,2001
38,2-s2.0-84993009203,2001
-1,2-s2.0-0034960614,2001
-1,2-s2.0-84986160817,2001
2,2-s2.0-0043084133,2001
-1,2-s2.0-84986082161,2001
-1,2-s2.0-0035316306,2001
42,2-s2.0-0035302513,2001
2,2-s2.0-0035146456,2001
11,2-s2.0-84993812012,2001
-1,2-s2.0-84960129015,2001
-1,2-s2.0-34547399215,2001
0,2-s2.0-1142270681,2001
-1,2-s2.0-0042194741,2001
-1,2-s2.0-0040154521,2001
-1,2-s2.0-0035975804,2001
-1,2-s2.0-0035731359,2001
0,2-s2.0-0035676121,2001
-1,2-s2.0-0035639539,2001
9,2-s2.0-0035561930,2001
17,2-s2.0-0035511392,2001
52,2-s2.0-0035468351,2001
-1,2-s2.0-0035324867,2001
44,2-s2.0-0035226812,2001
-1,2-s2.0-0035109894,2001
0,2-s2.0-0034819310,2001
5,2-s2.0-0002328034,2001
-1,2-s2.0-84986180602,2000
6,2-s2.0-0007580010,2000
-1,2-s2.0-35448961217,2000
5,2-s2.0-27644470420,2000
-1,2-s2.0-1842452475,2000
33,2-s2.0-0347947721,2000
-1,2-s2.0-0347067954,2000
9,2-s2.0-0039768687,2000
-1,2-s2.0-0039620970,2000
-1,2-s2.0-0034413557,2000
7,2-s2.0-0034340938,2000
-1,2-s2.0-0034277072,2000
-1,2-s2.0-0034268004,2000
7,2-s2.0-0034257418,2000
5,2-s2.0-0034195539,2000
16,2-s2.0-0034195075,2000
44,2-s2.0-0034170081,2000
19,2-s2.0-0034169106,2000
4,2-s2.0-0034139020,2000
-1,2-s2.0-0009630287,2000
-1,2-s2.0-0000094602,2000
-1,2-s2.0-0033500682,1999
5,2-s2.0-0000021437,1999
-1,2-s2.0-0041107247,1999
-1,2-s2.0-0033228431,1999
-1,2-s2.0-0347715142,1999
-1,2-s2.0-0033141808,1999
45,2-s2.0-85009561186,1999
1,2-s2.0-85001790552,1999
-1,2-s2.0-22844454569,1999
-1,2-s2.0-0142240858,1999
8,2-s2.0-0039529178,1999
-1,2-s2.0-0039065008,1999
9,2-s2.0-0033440160,1999
25,2-s2.0-0033437899,1999
6,2-s2.0-0033277420,1999
-1,2-s2.0-0033210992,1999
-1,2-s2.0-0033205866,1999
49,2-s2.0-0033201391,1999
-1,2-s2.0-0033195476,1999
0,2-s2.0-0033182998,1999
7,2-s2.0-0033170166,1999
21,2-s2.0-0033162505,1999
-1,2-s2.0-0033159401,1999
2,2-s2.0-0033154846,1999
49,2-s2.0-0033130454,1999
-1,2-s2.0-0033112760,1999
36,2-s2.0-0033094142,1999
0,2-s2.0-0032974244,1999
1,2-s2.0-0032864705,1999
45,2-s2.0-84986161346,1998
-1,2-s2.0-0032428551,1998
9,2-s2.0-0032217002,1998
46,2-s2.0-85107925734,1998
2,2-s2.0-0031637346,1998
29,2-s2.0-0031981881,1998
56,2-s2.0-84986116700,1998
4,2-s2.0-84958629440,1998
-1,2-s2.0-3042948951,1998
7,2-s2.0-0141995409,1998
12,2-s2.0-0040581850,1998
-1,2-s2.0-0032498988,1998
47,2-s2.0-0032392285,1998
18,2-s2.0-0032382240,1998
46,2-s2.0-0032366302,1998
9,2-s2.0-0032324653,1998
7,2-s2.0-0032281236,1998
35,2-s2.0-0032278269,1998
1,2-s2.0-0032220883,1998
6,2-s2.0-0032207373,1998
-1,2-s2.0-0032185997,1998
38,2-s2.0-0032158856,1998
0,2-s2.0-0032060606,1998
10,2-s2.0-0032056371,1998
2,2-s2.0-0032034949,1998
-1,2-s2.0-0032015862,1998
6,2-s2.0-0031995490,1998
-1,2-s2.0-0031989315,1998
2,2-s2.0-0031802221,1998
0,2-s2.0-0031651364,1998
19,2-s2.0-0031625392,1998
17,2-s2.0-0001664428,1998
-1,2-s2.0-0031563597,1997
-1,2-s2.0-0031456891,1997
0,2-s2.0-0011969339,1997
-1,2-s2.0-0030947424,1997
6,2-s2.0-0031124022,1997
-1,2-s2.0-3042925478,1997
7,2-s2.0-0031537033,1997
43,2-s2.0-0031326090,1997
6,2-s2.0-0031240809,1997
18,2-s2.0-0031116577,1997
-1,2-s2.0-0031081946,1997
8,2-s2.0-0031042537,1997
-1,2-s2.0-0030829770,1997
-1,2-s2.0-0030625546,1997
37,2-s2.0-84986106212,1996
-1,2-s2.0-2842551304,1996
7,2-s2.0-0030529178,1996
12,2-s2.0-0030495521,1996
24,2-s2.0-0030362816,1996
15,2-s2.0-0029908359,1996
6,2-s2.0-0030436255,1996
-1,2-s2.0-85007839712,1996
5,2-s2.0-84986085991,1996
-1,2-s2.0-0030177369,1996
19,2-s2.0-0029903364,1996
11,2-s2.0-0030158558,1996
8,2-s2.0-0030101166,1996
13,2-s2.0-84937281487,1996
5,2-s2.0-33847652312,1996
1,2-s2.0-2242476568,1996
32,2-s2.0-1542684045,1996
-1,2-s2.0-0030486294,1996
-1,2-s2.0-0030352533,1996
18,2-s2.0-0030306352,1996
37,2-s2.0-0030165749,1996
0,2-s2.0-0029748939,1996
2,2-s2.0-0029396841,1995
27,2-s2.0-0007799172,1995
44,2-s2.0-84986660142,1995
44,2-s2.0-84985204924,1995
18,2-s2.0-84977404724,1995
49,2-s2.0-84937274977,1995
-1,2-s2.0-21844518512,1995
16,2-s2.0-21844514526,1995
57,2-s2.0-21844481261,1995
7,2-s2.0-0029509438,1995
-1,2-s2.0-0029400166,1995
2,2-s2.0-0029068874,1995
6,2-s2.0-0029064082,1995
34,2-s2.0-0028846003,1995
46,2-s2.0-0002337895,1995
-1,2-s2.0-0001962332,1995
-1,2-s2.0-0028489866,1994
6,2-s2.0-0009038648,1994
4,2-s2.0-8644228863,1994
7,2-s2.0-84986360561,1994
48,2-s2.0-84985269040,1994
5,2-s2.0-84972700439,1994
-1,2-s2.0-84970123401,1994
-1,2-s2.0-84965520799,1994
55,2-s2.0-43949159688,1994
23,2-s2.0-43949154094,1994
46,2-s2.0-38149147710,1994
33,2-s2.0-38149143116,1994
-1,2-s2.0-21844491622,1994
-1,2-s2.0-0028764558,1994
-1,2-s2.0-0028157715,1994
18,2-s2.0-0028018639,1994
0,2-s2.0-0027952877,1994
0,2-s2.0-0000614171,1994
0,2-s2.0-0027884584,1993
-1,2-s2.0-84993021371,1993
1,2-s2.0-84986715225,1993
27,2-s2.0-84986674144,1993
12,2-s2.0-84973834124,1993
-1,2-s2.0-21344482557,1993
-1,2-s2.0-0027567682,1993
-1,2-s2.0-0027337316,1993
23,2-s2.0-0027284045,1993
-1,2-s2.0-0027058293,1992
37,2-s2.0-84986713619,1992
-1,2-s2.0-84982500063,1992
36,2-s2.0-84973784159,1992
-1,2-s2.0-84973743765,1992
33,2-s2.0-38249013881,1992
1,2-s2.0-0027250322,1992
2,2-s2.0-0027021547,1992
2,2-s2.0-0026885456,1992
-1,2-s2.0-0026875962,1992
-1,2-s2.0-0026832559,1992
-1,2-s2.0-0026736827,1992
-1,2-s2.0-0026578210,1992
-1,2-s2.0-0026470414,1992
-1,2-s2.0-0009294657,1992
-1,2-s2.0-0002190059,1992
0,2-s2.0-0000713245,1992
-1,2-s2.0-84928834722,1991
46,2-s2.0-51249177813,1991
2,2-s2.0-0026363051,1991
-1,2-s2.0-84986730872,1991
8,2-s2.0-84973809871,1991
-1,2-s2.0-84883307681,1991
-1,2-s2.0-78650732396,1991
8,2-s2.0-38149145516,1991
28,2-s2.0-0026287874,1991
9,2-s2.0-0026231396,1991
-1,2-s2.0-0026112558,1991
-1,2-s2.0-0026015219,1991
19,2-s2.0-0025984146,1991
-1,2-s2.0-0025801923,1991
36,2-s2.0-0011671446,1991
46,2-s2.0-0002524850,1991
18,2-s2.0-0001615912,1991
41,2-s2.0-0001446175,1991
2,2-s2.0-0025506674,1990
42,2-s2.0-0025458118,1990
34,2-s2.0-0025440609,1990
10,2-s2.0-0025424328,1990
29,2-s2.0-0024792092,1990
8,2-s2.0-84986804760,1990
44,2-s2.0-84986703974,1990
-1,2-s2.0-84980185246,1990
37,2-s2.0-84973759182,1990
-1,2-s2.0-84965484088,1990
-1,2-s2.0-38249018477,1990
6,2-s2.0-0025529156,1990
-1,2-s2.0-0025512122,1990
2,2-s2.0-0025441568,1990
-1,2-s2.0-0025116882,1990
31,2-s2.0-0025111838,1990
6,2-s2.0-0025108421,1990
2,2-s2.0-0025102562,1990
4,2-s2.0-0025021555,1990
-1,2-s2.0-0025002975,1990
2,2-s2.0-0025002974,1990
7,2-s2.0-0000446179,1990
23,2-s2.0-0024955202,1989
7,2-s2.0-0024904998,1989
-1,2-s2.0-0024855986,1989
23,2-s2.0-0024723184,1989
-1,2-s2.0-55249106336,1989
-1,2-s2.0-0024653278,1989
-1,2-s2.0-84986671019,1989
6,2-s2.0-84965635922,1989
7,2-s2.0-84965559018,1989
-1,2-s2.0-84964110654,1989
7,2-s2.0-70350750308,1989
0,2-s2.0-58149370821,1989
44,2-s2.0-58149366277,1989
-1,2-s2.0-0039639428,1989
42,2-s2.0-0024743101,1989
-1,2-s2.0-0024539226,1989
48,2-s2.0-0024486654,1989
2,2-s2.0-0024244590,1988
6,2-s2.0-0024028242,1988
-1,2-s2.0-0024006673,1988
14,2-s2.0-84986705622,1988
46,2-s2.0-84950636720,1988
-1,2-s2.0-0024233163,1988
33,2-s2.0-0024157344,1988
2,2-s2.0-0023939161,1988
-1,2-s2.0-0023914529,1988
2,2-s2.0-0023868532,1988
2,2-s2.0-0023818551,1988
-1,2-s2.0-0023737161,1988
29,2-s2.0-0023720314,1988
7,2-s2.0-0001002438,1988
-1,2-s2.0-0000450682,1988
-1,2-s2.0-0023374446,1987
-1,2-s2.0-84986730938,1987
37,2-s2.0-84986703710,1987
-1,2-s2.0-38249037124,1987
17,2-s2.0-38249036177,1987
0,2-s2.0-0023347221,1987
6,2-s2.0-0023214466,1987
-1,2-s2.0-0002434411,1987
-1,2-s2.0-65749310606,1986
3,2-s2.0-0000935142,1986
-1,2-s2.0-0000189486,1986
-1,2-s2.0-84973833440,1986
-1,2-s2.0-84970398556,1986
-1,2-s2.0-0022779186,1986
0,2-s2.0-0022717825,1986
10,2-s2.0-0022684483,1986
2,2-s2.0-0022621519,1986
56,2-s2.0-0009127451,1985
-1,2-s2.0-0010153639,1985
-1,2-s2.0-84986641856,1985
12,2-s2.0-84985671074,1985
44,2-s2.0-0022292983,1985
-1,2-s2.0-0021953866,1985
0,2-s2.0-0001227558,1985
-1,2-s2.0-0000099268,1984
7,2-s2.0-0021502417,1984
7,2-s2.0-0021419684,1984
-1,2-s2.0-84985733615,1984
6,2-s2.0-0021708617,1984
6,2-s2.0-0021673815,1984
0,2-s2.0-0021667561,1984
-1,2-s2.0-0021354305,1984
0,2-s2.0-85051360615,1983
6,2-s2.0-0020837206,1983
-1,2-s2.0-0001934550,1983
-1,2-s2.0-33751007318,1983
-1,2-s2.0-0020716333,1983
-1,2-s2.0-84973834046,1983
-1,2-s2.0-84968130709,1983
6,2-s2.0-0020680258,1983
6,2-s2.0-0020660843,1983
1,2-s2.0-0000349108,1983
6,2-s2.0-0020318342,1982
-1,2-s2.0-24144479750,1982
57,2-s2.0-0002872651,1982
7,2-s2.0-49049139007,1982
46,2-s2.0-49049135644,1982
-1,2-s2.0-0020443480,1982
29,2-s2.0-0020426532,1982
2,2-s2.0-0020321154,1982
6,2-s2.0-0019963704,1982
44,2-s2.0-0003056863,1982
-1,2-s2.0-0019863812,1981
-1,2-s2.0-0019546712,1981
27,2-s2.0-0001282195,1981
-1,2-s2.0-0019830598,1981
34,2-s2.0-0019791122,1981
-1,2-s2.0-0019152222,1980
2,2-s2.0-85040278137,1980
2,2-s2.0-85040277959,1980
-1,2-s2.0-0019034636,1980
-1,2-s2.0-0019016754,1980
-1,2-s2.0-0001311508,1979
-1,2-s2.0-0001356887,1979
0,2-s2.0-0007139782,1979
0,2-s2.0-0038864618,1979
-1,2-s2.0-85040093050,1979
44,2-s2.0-84987045036,1979
-1,2-s2.0-84973817850,1979
-1,2-s2.0-0018732507,1979
-1,2-s2.0-0018674781,1979
-1,2-s2.0-0018661381,1979
-1,2-s2.0-0018648860,1979
0,2-s2.0-0018433666,1979
29,2-s2.0-0018091055,1978
44,2-s2.0-0018132510,1978
29,2-s2.0-0018120042,1978
24,2-s2.0-84986928090,1978
27,2-s2.0-84977294438,1978
-1,2-s2.0-0017932560,1978
38,2-s2.0-84948219843,1977
0,2-s2.0-84959036874,1977
2,2-s2.0-0017743746,1977
6,2-s2.0-0017342041,1977
-1,2-s2.0-0011313440,1977
29,2-s2.0-0017114245,1976
2,2-s2.0-0017092184,1976
29,2-s2.0-84947651705,1976
6,2-s2.0-0017177860,1976
-1,2-s2.0-0017082057,1976
-1,2-s2.0-0016770094,1975
29,2-s2.0-0016189421,1974
23,2-s2.0-0016232946,1974
-1,2-s2.0-0016320279,1974
2,2-s2.0-0016286006,1974
-1,2-s2.0-0015968282,1974
-1,2-s2.0-0015824469,1973
-1,2-s2.0-0347152801,1973
23,2-s2.0-0015752576,1973
51,2-s2.0-0015436249,1972
-1,2-s2.0-0014975161,1971
-1,2-s2.0-0141891897,1970
-1,2-s2.0-0039199623,1970
-1,2-s2.0-84950311656,1970
8,2-s2.0-49849115230,1970
-1,2-s2.0-84863505504,1969
46,2-s2.0-84982352307,1959
-1,2-s2.0-84982352838,1957
-1,2-s2.0-58149403936,1953
-1,2-s2.0-85164332136,2023
51,2-s2.0-85180208733,2023
0,2-s2.0-85136654245,2023
5,2-s2.0-85159822898,2023
13,2-s2.0-85169321418,2023
21,2-s2.0-85162200745,2023
-1,2-s2.0-85130301411,2023
-1,2-s2.0-85176149095,2023
-1,2-s2.0-85178619934,2023
-1,2-s2.0-85135238033,2023
3,2-s2.0-85138329183,2023
47,2-s2.0-85162846026,2023
-1,2-s2.0-85150873586,2023
-1,2-s2.0-85164231701,2023
-1,2-s2.0-85176900366,2023
4,2-s2.0-85178138774,2023
36,2-s2.0-85170379493,2023
-1,2-s2.0-85142335283,2023
5,2-s2.0-85175290447,2023
-1,2-s2.0-85175567841,2023
0,2-s2.0-85174607379,2023
0,2-s2.0-85166391953,2023
-1,2-s2.0-85178871647,2023
16,2-s2.0-85169894533,2023
39,2-s2.0-85161635772,2023
4,2-s2.0-85179946021,2023
-1,2-s2.0-85137036889,2023
-1,2-s2.0-85175084262,2023
-1,2-s2.0-85171871755,2023
-1,2-s2.0-85174824411,2023
-1,2-s2.0-85145043033,2023
28,2-s2.0-85139418122,2023
-1,2-s2.0-85177796277,2023
-1,2-s2.0-85147392442,2023
28,2-s2.0-85164737100,2023
4,2-s2.0-85143778734,2023
8,2-s2.0-85168574603,2023
23,2-s2.0-85152632360,2023
8,2-s2.0-85148464805,2023
27,2-s2.0-85162945167,2023
-1,2-s2.0-85149547848,2023
-1,2-s2.0-85164505185,2023
8,2-s2.0-85175529423,2023
-1,2-s2.0-85142156183,2023
15,2-s2.0-85147119006,2023
6,2-s2.0-85175441955,2023
6,2-s2.0-85162690736,2023
-1,2-s2.0-85180683184,2023
1,2-s2.0-85173739584,2023
-1,2-s2.0-85168571889,2023
-1,2-s2.0-85134569191,2023
-1,2-s2.0-85175082220,2023
-1,2-s2.0-85173402167,2023
-1,2-s2.0-85161358727,2023
-1,2-s2.0-85175273886,2023
-1,2-s2.0-85159140473,2023
-1,2-s2.0-85170214781,2023
11,2-s2.0-85140235088,2023
3,2-s2.0-85167881249,2023
3,2-s2.0-85145837365,2023
9,2-s2.0-85180354159,2023
-1,2-s2.0-85147813060,2023
30,2-s2.0-85134759788,2023
-1,2-s2.0-85169516546,2023
11,2-s2.0-85158861469,2023
6,2-s2.0-85180617854,2023
32,2-s2.0-85171443983,2023
-1,2-s2.0-85164610425,2023
-1,2-s2.0-85170715489,2023
29,2-s2.0-85180470902,2023
8,2-s2.0-85171977754,2023
41,2-s2.0-85168618564,2023
-1,2-s2.0-85174598828,2023
-1,2-s2.0-85180131710,2023
1,2-s2.0-85161671994,2023
3,2-s2.0-85152391398,2023
-1,2-s2.0-85166397101,2023
1,2-s2.0-85161690535,2023
2,2-s2.0-85148253804,2023
-1,2-s2.0-85158863719,2023
13,2-s2.0-85150624601,2023
-1,2-s2.0-85147845243,2023
0,2-s2.0-85178430048,2023
-1,2-s2.0-85156186286,2023
21,2-s2.0-85136522492,2023
9,2-s2.0-85147200369,2023
17,2-s2.0-85180713204,2023
-1,2-s2.0-85166920408,2023
10,2-s2.0-85147820074,2023
4,2-s2.0-85144082060,2023
8,2-s2.0-85178075677,2023
10,2-s2.0-85151167999,2023
38,2-s2.0-85147014247,2023
-1,2-s2.0-85149976333,2023
-1,2-s2.0-85164912621,2023
17,2-s2.0-85158879102,2023
22,2-s2.0-85178066552,2023
4,2-s2.0-85181053285,2023
13,2-s2.0-85173908916,2023
57,2-s2.0-85178400579,2023
15,2-s2.0-85151445519,2023
-1,2-s2.0-85180168206,2023
-1,2-s2.0-85179373355,2023
8,2-s2.0-85179069471,2023
-1,2-s2.0-85163398662,2023
-1,2-s2.0-85180257718,2023
23,2-s2.0-85178269558,2023
37,2-s2.0-85170715568,2023
31,2-s2.0-85159769932,2023
5,2-s2.0-85146174291,2023
4,2-s2.0-85160051217,2023
21,2-s2.0-85149911800,2023
-1,2-s2.0-85178311116,2023
8,2-s2.0-85178015275,2023
27,2-s2.0-85135080913,2023
39,2-s2.0-85143886605,2023
-1,2-s2.0-85180834697,2023
2,2-s2.0-85143691164,2023
17,2-s2.0-85147907466,2023
-1,2-s2.0-85178353888,2023
-1,2-s2.0-85148963581,2023
-1,2-s2.0-85137424150,2023
-1,2-s2.0-85151940841,2023
-1,2-s2.0-85135995240,2023
1,2-s2.0-85171455867,2023
30,2-s2.0-85178429416,2023
10,2-s2.0-85163299738,2023
21,2-s2.0-85140317658,2023
17,2-s2.0-85147457631,2023
0,2-s2.0-85142136455,2023
-1,2-s2.0-85144074107,2023
50,2-s2.0-85178223533,2023
-1,2-s2.0-85163375642,2023
-1,2-s2.0-85178452956,2023
0,2-s2.0-85147448477,2023
19,2-s2.0-85147047776,2023
-1,2-s2.0-85162826230,2023
42,2-s2.0-85149907862,2023
4,2-s2.0-85180768368,2023
40,2-s2.0-85135574881,2023
5,2-s2.0-85166587878,2023
-1,2-s2.0-85180929457,2023
47,2-s2.0-85139905853,2023
55,2-s2.0-85181199661,2023
-1,2-s2.0-85179982707,2023
4,2-s2.0-85178995504,2023
23,2-s2.0-85148423530,2023
2,2-s2.0-85148530398,2023
-1,2-s2.0-85145749823,2023
44,2-s2.0-85146284016,2023
25,2-s2.0-85161882389,2023
6,2-s2.0-85163403714,2023
18,2-s2.0-85161372445,2023
16,2-s2.0-85140357314,2023
1,2-s2.0-85171776083,2023
-1,2-s2.0-85149927901,2023
24,2-s2.0-85148630127,2023
31,2-s2.0-85138136135,2023
13,2-s2.0-85150340511,2023
6,2-s2.0-85147441233,2023
24,2-s2.0-85180452522,2023
5,2-s2.0-85166948705,2023
1,2-s2.0-85159823592,2023
6,2-s2.0-85151323820,2023
0,2-s2.0-85151289942,2023
-1,2-s2.0-85162778934,2023
16,2-s2.0-85168530330,2023
-1,2-s2.0-85149129247,2023
-1,2-s2.0-85159191633,2023
31,2-s2.0-85146440348,2023
27,2-s2.0-85170213535,2023
-1,2-s2.0-85162273182,2023
23,2-s2.0-85168683263,2023
49,2-s2.0-85152461808,2023
-1,2-s2.0-85144353401,2023
-1,2-s2.0-85169669295,2023
5,2-s2.0-85173367679,2023
25,2-s2.0-85173454353,2023
27,2-s2.0-85176088608,2023
18,2-s2.0-85173760307,2023
33,2-s2.0-85158077975,2023
0,2-s2.0-85161908488,2023
4,2-s2.0-85149528640,2023
17,2-s2.0-85168440110,2023
4,2-s2.0-85173033973,2023
4,2-s2.0-85145942055,2023
25,2-s2.0-85176319281,2023
-1,2-s2.0-85161535162,2023
17,2-s2.0-85148511313,2023
4,2-s2.0-85169812311,2023
-1,2-s2.0-85168132585,2023
4,2-s2.0-85175320779,2023
13,2-s2.0-85146922849,2023
-1,2-s2.0-85172389596,2023
4,2-s2.0-85151151072,2023
40,2-s2.0-85165707544,2023
-1,2-s2.0-85164157331,2023
53,2-s2.0-85159091630,2023
-1,2-s2.0-85164485208,2023
-1,2-s2.0-85176136354,2023
0,2-s2.0-85178008081,2023
34,2-s2.0-85161803802,2023
4,2-s2.0-85163370687,2023
12,2-s2.0-85142183375,2023
4,2-s2.0-85163886805,2023
16,2-s2.0-85173444178,2023
30,2-s2.0-85175569366,2023
-1,2-s2.0-85153358832,2023
31,2-s2.0-85163055221,2023
1,2-s2.0-85161360035,2023
4,2-s2.0-85160789583,2023
4,2-s2.0-85144825832,2023
15,2-s2.0-85164459142,2023
-1,2-s2.0-85171674718,2023
-1,2-s2.0-85175232262,2023
4,2-s2.0-85164144308,2023
-1,2-s2.0-85161028736,2023
4,2-s2.0-85164039502,2023
41,2-s2.0-85150854997,2023
55,2-s2.0-85168888499,2023
51,2-s2.0-85162894543,2023
4,2-s2.0-85151694176,2023
1,2-s2.0-85171149718,2023
-1,2-s2.0-85160498655,2023
38,2-s2.0-85165413000,2023
-1,2-s2.0-85168137531,2023
-1,2-s2.0-85146456065,2023
4,2-s2.0-85148741031,2023
-1,2-s2.0-85177063064,2023
5,2-s2.0-85158881852,2023
13,2-s2.0-85142135237,2023
-1,2-s2.0-85146938533,2023
41,2-s2.0-85162750459,2023
4,2-s2.0-85174717785,2023
-1,2-s2.0-85149307938,2023
-1,2-s2.0-85170836824,2023
14,2-s2.0-85141485816,2023
58,2-s2.0-85175265365,2023
39,2-s2.0-85153100772,2023
3,2-s2.0-85150595733,2023
4,2-s2.0-85149335803,2023
34,2-s2.0-85165431809,2023
3,2-s2.0-85172887204,2023
17,2-s2.0-85171442927,2023
6,2-s2.0-85152440714,2023
4,2-s2.0-85166631025,2023
39,2-s2.0-85145915991,2023
11,2-s2.0-85162184197,2023
-1,2-s2.0-85141169744,2023
4,2-s2.0-85151063831,2023
4,2-s2.0-85173862949,2023
4,2-s2.0-85142668159,2023
10,2-s2.0-85163853440,2023
7,2-s2.0-85165274607,2023
0,2-s2.0-85161528163,2023
10,2-s2.0-85176240743,2023
1,2-s2.0-85146229193,2023
4,2-s2.0-85174449897,2023
4,2-s2.0-85147765146,2023
4,2-s2.0-85133703868,2022
-1,2-s2.0-85131634740,2023
1,2-s2.0-85138573454,2022
11,2-s2.0-85139142347,2022
25,2-s2.0-85136535718,2023
22,2-s2.0-85137579189,2023
-1,2-s2.0-85133331225,2022
31,2-s2.0-85141644035,2022
4,2-s2.0-85130751440,2022
11,2-s2.0-85143906883,2022
3,2-s2.0-85133291518,2023
30,2-s2.0-85139169318,2022
8,2-s2.0-85141984054,2022
7,2-s2.0-85131693965,2023
-1,2-s2.0-85133404407,2022
36,2-s2.0-85137708160,2022
22,2-s2.0-85140300171,2022
19,2-s2.0-85138540940,2022
9,2-s2.0-85140919451,2022
13,2-s2.0-85138252206,2023
46,2-s2.0-85136342412,2022
-1,2-s2.0-85145278879,2022
36,2-s2.0-85144875044,2022
44,2-s2.0-85133131317,2022
10,2-s2.0-85135821931,2022
31,2-s2.0-85140879957,2022
1,2-s2.0-85143235062,2022
18,2-s2.0-85175181814,2022
15,2-s2.0-85136629187,2022
-1,2-s2.0-85144914103,2022
-1,2-s2.0-85132855583,2023
28,2-s2.0-85123888874,2022
-1,2-s2.0-85136972612,2022
5,2-s2.0-85144946700,2022
8,2-s2.0-85144952939,2022
-1,2-s2.0-85139972561,2023
39,2-s2.0-85104627834,2022
25,2-s2.0-85144659287,2022
1,2-s2.0-85141587750,2022
0,2-s2.0-85111138938,2022
5,2-s2.0-85142376653,2022
2,2-s2.0-85130988638,2022
-1,2-s2.0-85140826572,2023
13,2-s2.0-85139778421,2022
0,2-s2.0-85141851731,2022
31,2-s2.0-85137367392,2022
31,2-s2.0-85135116069,2022
10,2-s2.0-85144147355,2022
1,2-s2.0-85136084758,2022
31,2-s2.0-85131933209,2022
54,2-s2.0-85138077880,2022
-1,2-s2.0-85135402511,2022
31,2-s2.0-85138699809,2022
-1,2-s2.0-85135330656,2022
0,2-s2.0-85135374711,2022
31,2-s2.0-85144234159,2022
-1,2-s2.0-85133339771,2022
22,2-s2.0-85173435961,2022
-1,2-s2.0-85130319637,2022
26,2-s2.0-85130503744,2022
4,2-s2.0-85151980394,2022
4,2-s2.0-85144594106,2022
0,2-s2.0-85144408269,2022
0,2-s2.0-85146882743,2022
0,2-s2.0-85144091268,2022
-1,2-s2.0-85144216937,2022
-1,2-s2.0-85107372173,2022
4,2-s2.0-85166473842,2022
-1,2-s2.0-85147247865,2022
2,2-s2.0-85102742504,2022
14,2-s2.0-85148443682,2022
4,2-s2.0-85149285832,2022
25,2-s2.0-85134027121,2022
-1,2-s2.0-85132269308,2022
4,2-s2.0-85146416681,2022
-1,2-s2.0-85172025953,2022
-1,2-s2.0-85131855802,2022
-1,2-s2.0-85149806660,2022
4,2-s2.0-85147540659,2022
4,2-s2.0-85153672144,2022
40,2-s2.0-85147747954,2022
6,2-s2.0-85146215189,2022
22,2-s2.0-85144869368,2022
-1,2-s2.0-85146957205,2022
-1,2-s2.0-85148710622,2022
6,2-s2.0-85147592552,2022
0,2-s2.0-85142187367,2022
4,2-s2.0-85139067990,2022
4,2-s2.0-85135011730,2022
-1,2-s2.0-85143774235,2022
48,2-s2.0-85141812492,2022
-1,2-s2.0-85132365867,2022
4,2-s2.0-85133846671,2022
0,2-s2.0-85134831646,2022
0,2-s2.0-85141788420,2022
53,2-s2.0-85131517198,2022
0,2-s2.0-85132010762,2022
0,2-s2.0-85139841025,2022
28,2-s2.0-85130946595,2022
0,2-s2.0-85140997343,2022
12,2-s2.0-85130248402,2022
9,2-s2.0-85133845698,2022
4,2-s2.0-85133604974,2022
-1,2-s2.0-85134481128,2022
4,2-s2.0-85131805297,2022
4,2-s2.0-85136978184,2022
-1,2-s2.0-85138632453,2022
39,2-s2.0-85139723856,2022
33,2-s2.0-85135824925,2022
19,2-s2.0-85142371622,2022
-1,2-s2.0-85132306926,2022
35,2-s2.0-85140312725,2022
-1,2-s2.0-85134519045,2022
-1,2-s2.0-85143990671,2022
-1,2-s2.0-85139521494,2022
-1,2-s2.0-85135230167,2022
